[{"question_key": "OOP03_v9", "question_text": "Fill in the blank to correctly define the special method for assign values to properties in a Python class \"Car\".", "question_type": "FIB_CODING", "short_text": "", "content_type": "MARKDOWN", "question_id": "9ade72af-f14a-4aa7-80e8-03adb93fc93b", "skills": ["REMEMBERING", "Object-Oriented Programming", "OOP - Classes and Instances"], "difficulty": "EASY", "tag_names": ["Object-Oriented Programming", "OOP - Classes and Instances", "REMEMBERING", "use_init_method_for_instantiation"], "test_case_evaluation_metrics": [{"language": "PYTHON39", "time_limit_to_execute_in_seconds": 20.0}], "cpp_python_time_factor": 0, "order_no": 100, "question_asked_by_companies_info": [], "remarks": "", "scores_updated": false, "scores_computed": 0, "input_output": [{"input": [{"t_id": "b7eb83ae-5c19-4fb2-aefd-35003ff91499", "input": "", "output": "Toyota", "is_hidden": true, "score": 1}], "average_time_spent": 0.0, "order_no": 100}], "solution": {"code_blocks": [{"code": "class Car:", "block_type": "DEFAULT", "start_line_number": 1, "order": 1}, {"code": "    def <InlineBlank>__init__</InlineBlank>(self, brand, model):", "block_type": "INLINE_BLANK", "start_line_number": 2, "order": 2}, {"code": "        self.brand = brand", "block_type": "DEFAULT", "start_line_number": 3, "order": 3}, {"code": "        self.model = model", "block_type": "DEFAULT", "start_line_number": 4, "order": 4}, {"code": "    ", "block_type": "DEFAULT", "start_line_number": 5, "order": 5}, {"code": "my_car = Car(\"Toyota\", \"Corolla\")", "block_type": "DEFAULT", "start_line_number": 6, "order": 6}, {"code": "print(my_car.brand)", "block_type": "DEFAULT", "start_line_number": 7, "order": 7}]}, "fib_coding": {"language": "PYTHON39", "is_debug_mode_enabled": true, "is_run_code_enabled": true, "code_blocks": [{"code": "class Car:", "block_type": "DEFAULT", "start_line_number": 1, "order": 1}, {"code": "    def <InlineBlank>&&&</InlineBlank>(self, brand, model):", "block_type": "INLINE_BLANK", "start_line_number": 2, "order": 2}, {"code": "        self.brand = brand", "block_type": "DEFAULT", "start_line_number": 3, "order": 3}, {"code": "        self.model = model", "block_type": "DEFAULT", "start_line_number": 4, "order": 4}, {"code": "    ", "block_type": "DEFAULT", "start_line_number": 5, "order": 5}, {"code": "my_car = Car(\"Toyota\", \"Corolla\")", "block_type": "DEFAULT", "start_line_number": 6, "order": 6}, {"code": "print(my_car.brand)", "block_type": "DEFAULT", "start_line_number": 7, "order": 7}]}}, {"question_key": "OOP03_v10", "question_text": "Fill in the blank to correctly define the special method for assign values to properties in a Python class \"Vehicle\".", "question_type": "FIB_CODING", "short_text": "", "content_type": "MARKDOWN", "question_id": "a5cf439c-ef2b-440b-9c72-c5e2d10d119d", "skills": ["REMEMBERING", "Object-Oriented Programming", "OOP - Classes and Instances"], "difficulty": "EASY", "tag_names": ["Object-Oriented Programming", "OOP - Classes and Instances", "REMEMBERING", "use_init_method_for_instantiation"], "test_case_evaluation_metrics": [{"language": "PYTHON39", "time_limit_to_execute_in_seconds": 20.0}], "cpp_python_time_factor": 0, "order_no": 100, "question_asked_by_companies_info": [], "remarks": "", "scores_updated": false, "scores_computed": 0, "input_output": [{"input": [{"t_id": "7a5c4d89-056a-4c4b-b034-49b140af05b5", "input": "", "output": "RR", "is_hidden": true, "score": 1}], "average_time_spent": 0.0, "order_no": 100}], "solution": {"code_blocks": [{"code": "class Vehicle:", "block_type": "DEFAULT", "start_line_number": 1, "order": 1}, {"code": "    def <InlineBlank>__init__</InlineBlank>(self, brand, model):", "block_type": "INLINE_BLANK", "start_line_number": 2, "order": 2}, {"code": "        self.brand = brand", "block_type": "DEFAULT", "start_line_number": 3, "order": 3}, {"code": "        self.model = model", "block_type": "DEFAULT", "start_line_number": 4, "order": 4}, {"code": "    ", "block_type": "DEFAULT", "start_line_number": 5, "order": 5}, {"code": "my_car = Vehicle(\"RR\", \"Corolla\")", "block_type": "DEFAULT", "start_line_number": 6, "order": 6}, {"code": "print(my_car.brand)", "block_type": "DEFAULT", "start_line_number": 7, "order": 7}]}, "fib_coding": {"language": "PYTHON39", "is_debug_mode_enabled": true, "is_run_code_enabled": true, "code_blocks": [{"code": "class Vehicle:", "block_type": "DEFAULT", "start_line_number": 1, "order": 1}, {"code": "    def <InlineBlank>&&&</InlineBlank>(self, brand, model):", "block_type": "INLINE_BLANK", "start_line_number": 2, "order": 2}, {"code": "        self.brand = brand", "block_type": "DEFAULT", "start_line_number": 3, "order": 3}, {"code": "        self.model = model", "block_type": "DEFAULT", "start_line_number": 4, "order": 4}, {"code": "    ", "block_type": "DEFAULT", "start_line_number": 5, "order": 5}, {"code": "my_car = Vehicle(\"RR\", \"Corolla\")", "block_type": "DEFAULT", "start_line_number": 6, "order": 6}, {"code": "print(my_car.brand)", "block_type": "DEFAULT", "start_line_number": 7, "order": 7}]}}, {"question_key": "OOP03_v11", "question_text": "Fill in the blank to correctly define the special method for assign values to properties in a Python class \"Book\".", "question_type": "FIB_CODING", "short_text": "", "content_type": "MARKDOWN", "question_id": "41c6ebc7-0f21-410c-9707-6605a61255fa", "skills": ["REMEMBERING", "Object-Oriented Programming", "OOP - Classes and Instances"], "difficulty": "EASY", "tag_names": ["Object-Oriented Programming", "OOP - Classes and Instances", "REMEMBERING", "use_init_method_for_instantiation"], "test_case_evaluation_metrics": [{"language": "PYTHON39", "time_limit_to_execute_in_seconds": 20.0}], "cpp_python_time_factor": 0, "order_no": 100, "question_asked_by_companies_info": [], "remarks": "", "scores_updated": false, "scores_computed": 0, "input_output": [{"input": [{"t_id": "adedd3af-e865-4de2-867e-b170f95ffe5d", "input": "", "output": "NCNCE", "is_hidden": true, "score": 1}], "average_time_spent": 0.0, "order_no": 100}], "solution": {"code_blocks": [{"code": "class Book:", "block_type": "DEFAULT", "start_line_number": 1, "order": 1}, {"code": "    def <InlineBlank>__init__</InlineBlank>(self, title, author):", "block_type": "INLINE_BLANK", "start_line_number": 2, "order": 2}, {"code": "        self.title = title", "block_type": "DEFAULT", "start_line_number": 3, "order": 3}, {"code": "        self.author = author", "block_type": "DEFAULT", "start_line_number": 4, "order": 4}, {"code": "    ", "block_type": "DEFAULT", "start_line_number": 5, "order": 5}, {"code": "my_book = Book(\"NCNCE\", \"Surya\")", "block_type": "DEFAULT", "start_line_number": 6, "order": 6}, {"code": "print(my_book.title)", "block_type": "DEFAULT", "start_line_number": 7, "order": 7}]}, "fib_coding": {"language": "PYTHON39", "is_debug_mode_enabled": true, "is_run_code_enabled": true, "code_blocks": [{"code": "class Book:", "block_type": "DEFAULT", "start_line_number": 1, "order": 1}, {"code": "    def <InlineBlank>&&&</InlineBlank>(self, title, author):", "block_type": "INLINE_BLANK", "start_line_number": 2, "order": 2}, {"code": "        self.title = title", "block_type": "DEFAULT", "start_line_number": 3, "order": 3}, {"code": "        self.author = author", "block_type": "DEFAULT", "start_line_number": 4, "order": 4}, {"code": "    ", "block_type": "DEFAULT", "start_line_number": 5, "order": 5}, {"code": "my_book = Book(\"NCNCE\", \"Surya\")", "block_type": "DEFAULT", "start_line_number": 6, "order": 6}, {"code": "print(my_book.title)", "block_type": "DEFAULT", "start_line_number": 7, "order": 7}]}}, {"question_key": "OOP05_v13", "question_text": "Fill in the blank to correctly add an attribute named `color` within the `Car` class in the given code snippet.", "question_type": "FIB_CODING", "short_text": "", "content_type": "MARKDOWN", "question_id": "18be024d-24b3-4ab2-84bb-6932347964c0", "skills": ["REMEMBERING", "Object-Oriented Programming", "OOP - Attributes and Methods"], "difficulty": "EASY", "tag_names": ["Object-Oriented Programming", "OOP - Attributes and Methods", "REMEMBERING", "differentiate_attributes_and_methods"], "test_case_evaluation_metrics": [{"language": "PYTHON39", "time_limit_to_execute_in_seconds": 20.0}], "cpp_python_time_factor": 0, "order_no": 100, "question_asked_by_companies_info": [], "remarks": "", "scores_updated": false, "scores_computed": 0, "input_output": [{"input": [{"t_id": "794a4b5b-3f9f-4f70-b028-017c40e31448", "input": "", "output": "Marin", "is_hidden": true, "score": 1}], "average_time_spent": 0.0, "order_no": 100}], "solution": {"code_blocks": [{"code": "class Car:", "block_type": "DEFAULT", "start_line_number": 1, "order": 1}, {"code": "    def __init__(self, brand, model,color):", "block_type": "DEFAULT", "start_line_number": 2, "order": 2}, {"code": "        self.brand = brand", "block_type": "DEFAULT", "start_line_number": 3, "order": 3}, {"code": "        self.model = model", "block_type": "DEFAULT", "start_line_number": 4, "order": 4}, {"code": "        self.<InlineBlank>color</InlineBlank> = color", "block_type": "INLINE_BLANK", "start_line_number": 5, "order": 5}, {"code": "    ", "block_type": "DEFAULT", "start_line_number": 6, "order": 6}, {"code": "my_car = Car(\"Access 125\", \"Suzuki\",\"Marin\")", "block_type": "DEFAULT", "start_line_number": 7, "order": 7}, {"code": "print(my_car.color)", "block_type": "DEFAULT", "start_line_number": 8, "order": 8}]}, "fib_coding": {"language": "PYTHON39", "is_debug_mode_enabled": true, "is_run_code_enabled": true, "code_blocks": [{"code": "class Car:", "block_type": "DEFAULT", "start_line_number": 1, "order": 1}, {"code": "    def __init__(self, brand, model,color):", "block_type": "DEFAULT", "start_line_number": 2, "order": 2}, {"code": "        self.brand = brand", "block_type": "DEFAULT", "start_line_number": 3, "order": 3}, {"code": "        self.model = model", "block_type": "DEFAULT", "start_line_number": 4, "order": 4}, {"code": "        self.<InlineBlank>&&&</InlineBlank> = color", "block_type": "INLINE_BLANK", "start_line_number": 5, "order": 5}, {"code": "    ", "block_type": "DEFAULT", "start_line_number": 6, "order": 6}, {"code": "my_car = Car(\"Access 125\", \"Suzuki\",\"Marin\")", "block_type": "DEFAULT", "start_line_number": 7, "order": 7}, {"code": "print(my_car.color)", "block_type": "DEFAULT", "start_line_number": 8, "order": 8}]}}, {"question_key": "OOP05_v14", "question_text": "Fill in the blank to correctly define a method named 'start_engine' within the 'Car' class in Python.", "question_type": "FIB_CODING", "short_text": "", "content_type": "MARKDOWN", "question_id": "87d450da-0973-4ea1-a92b-64296b628909", "skills": ["REMEMBERING", "Object-Oriented Programming", "OOP - Attributes and Methods"], "difficulty": "EASY", "tag_names": ["Object-Oriented Programming", "OOP - Attributes and Methods", "REMEMBERING", "differentiate_attributes_and_methods"], "test_case_evaluation_metrics": [{"language": "PYTHON39", "time_limit_to_execute_in_seconds": 20.0}], "cpp_python_time_factor": 0, "order_no": 100, "question_asked_by_companies_info": [], "remarks": "", "scores_updated": false, "scores_computed": 0, "input_output": [{"input": [{"t_id": "105f8c97-9f12-47cf-8c31-fd97d1a1b016", "input": "", "output": "Engine started", "is_hidden": true, "score": 1}], "average_time_spent": 0.0, "order_no": 100}], "solution": {"code_blocks": [{"code": "class Car:", "block_type": "DEFAULT", "start_line_number": 1, "order": 1}, {"code": "    def __init__(self, model):", "block_type": "DEFAULT", "start_line_number": 2, "order": 2}, {"code": "        self.model = model", "block_type": "DEFAULT", "start_line_number": 3, "order": 3}, {"code": "    def <InlineBlank>start_engine</InlineBlank>(self):", "block_type": "INLINE_BLANK", "start_line_number": 4, "order": 4}, {"code": "        print(\"Engine started\")", "block_type": "DEFAULT", "start_line_number": 5, "order": 5}, {"code": "    ", "block_type": "DEFAULT", "start_line_number": 6, "order": 6}, {"code": "my_car = Car(\"RR\")", "block_type": "DEFAULT", "start_line_number": 7, "order": 7}, {"code": "my_car.start_engine()", "block_type": "DEFAULT", "start_line_number": 8, "order": 8}]}, "fib_coding": {"language": "PYTHON39", "is_debug_mode_enabled": true, "is_run_code_enabled": true, "code_blocks": [{"code": "class Car:", "block_type": "DEFAULT", "start_line_number": 1, "order": 1}, {"code": "    def __init__(self, model):", "block_type": "DEFAULT", "start_line_number": 2, "order": 2}, {"code": "        self.model = model", "block_type": "DEFAULT", "start_line_number": 3, "order": 3}, {"code": "    def <InlineBlank>&&&</InlineBlank>(self):", "block_type": "INLINE_BLANK", "start_line_number": 4, "order": 4}, {"code": "        print(\"Engine started\")", "block_type": "DEFAULT", "start_line_number": 5, "order": 5}, {"code": "    ", "block_type": "DEFAULT", "start_line_number": 6, "order": 6}, {"code": "my_car = Car(\"RR\")", "block_type": "DEFAULT", "start_line_number": 7, "order": 7}, {"code": "my_car.start_engine()", "block_type": "DEFAULT", "start_line_number": 8, "order": 8}]}}, {"question_key": "OOP05_v16", "question_text": "Fill in the blank to correctly access the `color` attribute of the `Car` class.", "question_type": "FIB_CODING", "short_text": "", "content_type": "MARKDOWN", "question_id": "8ecc41b6-cc19-4467-933c-526b529eae1c", "skills": ["REMEMBERING", "Object-Oriented Programming", "OOP - Attributes and Methods"], "difficulty": "EASY", "tag_names": ["Object-Oriented Programming", "OOP - Attributes and Methods", "REMEMBERING", "differentiate_attributes_and_methods"], "test_case_evaluation_metrics": [{"language": "PYTHON39", "time_limit_to_execute_in_seconds": 20.0}], "cpp_python_time_factor": 0, "order_no": 100, "question_asked_by_companies_info": [], "remarks": "", "scores_updated": false, "scores_computed": 0, "input_output": [{"input": [{"t_id": "a0ca97d1-4dcd-4271-a466-8bf9419cdc83", "input": "", "output": "blue", "is_hidden": true, "score": 1}], "average_time_spent": 0.0, "order_no": 100}], "solution": {"code_blocks": [{"code": "class Car:", "block_type": "DEFAULT", "start_line_number": 1, "order": 1}, {"code": "    def __init__(self, color):", "block_type": "DEFAULT", "start_line_number": 2, "order": 2}, {"code": "        self.color = color", "block_type": "DEFAULT", "start_line_number": 3, "order": 3}, {"code": "    ", "block_type": "DEFAULT", "start_line_number": 4, "order": 4}, {"code": "my_car = Car('blue')", "block_type": "DEFAULT", "start_line_number": 5, "order": 5}, {"code": "print(<InlineBlank>my_car.color</InlineBlank>)", "block_type": "INLINE_BLANK", "start_line_number": 6, "order": 6}]}, "fib_coding": {"language": "PYTHON39", "is_debug_mode_enabled": true, "is_run_code_enabled": true, "code_blocks": [{"code": "class Car:", "block_type": "DEFAULT", "start_line_number": 1, "order": 1}, {"code": "    def __init__(self, color):", "block_type": "DEFAULT", "start_line_number": 2, "order": 2}, {"code": "        self.color = color", "block_type": "DEFAULT", "start_line_number": 3, "order": 3}, {"code": "    ", "block_type": "DEFAULT", "start_line_number": 4, "order": 4}, {"code": "my_car = Car('blue')", "block_type": "DEFAULT", "start_line_number": 5, "order": 5}, {"code": "print(<InlineBlank>&&&</InlineBlank>)", "block_type": "INLINE_BLANK", "start_line_number": 6, "order": 6}]}}]