[
  {
    "question_key": "CQ001_v6",
    "skills": [],
    "toughness": "EASY",
    "question_type": "CODE_ANALYSIS_MULTIPLE_CHOICE",
    "explanation_for_answer": {
      "content": "The .paragraph in the CSS code snippet indicates that a class selector is being used to apply styles to elements with the class \"paragraph\".",
      "content_type": "MARKDOWN"
    },
    "question_text": "Which selector is being used to apply styles in the given CSS code snippet?",
    "multimedia": [],
    "content_type": "MARKDOWN",
    "tag_names": [
      "CQ001",
      "REMEMBER",
      "CSS - Selectors",
      "identifying_css_class_selector_syntax",
      "CSS"
    ],
    "input_output": [
      {
        "input": "",
        "question_id": "c182cff6-27cf-42ff-9105-d9d44afea2b4",
        "wrong_answers": [
          "ID Selector",
          "Type Selector",
          "None of the given options"
        ],
        "output": [
          "Class Selector"
        ]
      }
    ],
    "code_metadata": [
      {
        "is_editable": false,
        "language": "CSS",
        "code_data": ".paragraph {\n  font-size: 16px;\n  color: #000fff;\n}",
        "default_code": true
      }
    ]
  },
  {
    "question_key": "CQ001_v7",
    "skills": [],
    "toughness": "EASY",
    "question_type": "CODE_ANALYSIS_MULTIPLE_CHOICE",
    "explanation_for_answer": {
      "content": "The dot (.) before \"menu\" in the CSS code snippet signifies that \"menu\" is a class selector, which is used to style all elements with the class \"menu\".",
      "content_type": "MARKDOWN"
    },
    "question_text": "In the provided code snippet, what does `.menu` represent?",
    "multimedia": [],
    "content_type": "MARKDOWN",
    "tag_names": [
      "CQ001",
      "REMEMBER",
      "CSS - Selectors",
      "identifying_css_class_selector_syntax",
      "CSS"
    ],
    "input_output": [
      {
        "input": "",
        "question_id": "249a1b85-6789-47d7-af00-2df6ef91a614",
        "wrong_answers": [
          "It denotes an ID selector",
          "It denotes a tag selector",
          "None of the given options"
        ],
        "output": [
          "It signifies a class selector"
        ]
      }
    ],
    "code_metadata": [
      {
        "is_editable": false,
        "language": "CSS",
        "code_data": ".menu{\n  color:blue;\n}",
        "default_code": true
      }
    ]
  },
  {
    "question_key": "CQ001_v8",
    "skills": [],
    "toughness": "EASY",
    "question_type": "CODE_ANALYSIS_MULTIPLE_CHOICE",
    "explanation_for_answer": {
      "content": "The dot (.) symbol in the CSS code snippet denotes a class selector, which is used to apply styles to HTML elements with the specified class, in this case, \"button\".",
      "content_type": "MARKDOWN"
    },
    "question_text": "What does `.menu` specify in the given CSS code?",
    "multimedia": [],
    "content_type": "MARKDOWN",
    "tag_names": [
      "CQ001",
      "REMEMBER",
      "CSS - Selectors",
      "identifying_css_class_selector_syntax",
      "CSS"
    ],
    "input_output": [
      {
        "input": "",
        "question_id": "ed2e2d4e-dfda-4f1f-9e81-cd9d3f492089",
        "wrong_answers": [
          "It denotes a tag selector",
          "It denotes an ID selector",
          "None of the given options"
        ],
        "output": [
          "It denotes a class selector"
        ]
      }
    ],
    "code_metadata": [
      {
        "is_editable": false,
        "language": "CSS",
        "code_data": ".menu{\n  color:blue;\n}",
        "default_code": true
      }
    ]
  },
  {
    "question_key": "CQ001_v9",
    "skills": [],
    "toughness": "EASY",
    "question_type": "CODE_ANALYSIS_MULTIPLE_CHOICE",
    "explanation_for_answer": {
      "content": "The dot (.) symbol in the CSS code snippet is used to denote a class selector, which selects all elements with the class \"info\" and applies the specified styles.",
      "content_type": "MARKDOWN"
    },
    "question_text": "Select the correct statement about the usage of the dot (`.`) symbol in the given code snippet.",
    "multimedia": [],
    "content_type": "MARKDOWN",
    "tag_names": [
      "CQ001",
      "REMEMBER",
      "CSS - Selectors",
      "identifying_css_class_selector_syntax",
      "CSS"
    ],
    "input_output": [
      {
        "input": "",
        "question_id": "25641fd9-78f5-4b34-9ec5-a99b9999eaa8",
        "wrong_answers": [
          "The dot (.) symbol is used to select all div elements",
          "The dot (.) symbol is used to select elements with the ID \"info\"",
          "The dot (.) symbol is used to select all elements with the tag name \"info\""
        ],
        "output": [
          "The dot (.) symbol is used to select elements with the class \"info\""
        ]
      }
    ],
    "code_metadata": [
      {
        "is_editable": false,
        "language": "CSS",
        "code_data": ".info{\n  color:blue;\n}",
        "default_code": true
      }
    ]
  },
  {
    "question_key": "CQ001_v10",
    "skills": [],
    "toughness": "EASY",
    "question_type": "CODE_ANALYSIS_MULTIPLE_CHOICE",
    "explanation_for_answer": {
      "content": "",
      "content_type": "MARKDOWN"
    },
    "question_text": "Based on the given code snippet, what is the purpose of the dot (`.`) symbol in CSS?",
    "multimedia": [],
    "content_type": "MARKDOWN",
    "tag_names": [
      "CQ001",
      "REMEMBER",
      "CSS - Selectors",
      "identifying_css_class_selector_syntax",
      "CSS"
    ],
    "input_output": [
      {
        "input": "",
        "question_id": "ebb12663-42bd-4fce-bfbb-9c3c0389d912",
        "wrong_answers": [
          "To select elements with a specific ID",
          "To create a new HTML element",
          "To select elements with a specific tag"
        ],
        "output": [
          "To select elements with a specific class"
        ]
      }
    ],
    "code_metadata": [
      {
        "is_editable": false,
        "language": "CSS",
        "code_data": ".content {\n  color: red;\n  font-weight: bold;\n}",
        "default_code": true
      }
    ]
  },
  {
    "question_key": "CQ001_v11",
    "question_id": "5e156c91-1fd0-40b1-83fd-f8b550471951",
    "question_text": "Analyze the given CSS code snippet. What color will be applied to elements with the class `greeting`?",
    "multimedia": [],
    "skills": [],
    "toughness": "EASY",
    "reference": "",
    "question_type": "CODE_ANALYSIS_TEXTUAL",
    "tag_names": [
      "REMEMBERING",
      "CQ001",
      "CSS - Selectors",
      "identifying_css_class_selector_syntax",
      "CSS"
    ],
    "content_type": "MARKDOWN",
    "input_output": [
      {
        "input": "",
        "output": [
          "blue"
        ]
      }
    ],
    "code_metadata": [
      {
        "is_editable": false,
        "language": "CSS",
        "code_data": ".greeting {\n    color: blue;\n}",
        "default_code": true
      }
    ],
    "explanation_for_answer": {
      "content": "",
      "content_type": "MARKDOWN"
    }
  },
  {
    "question_key": "CQ001_v12",
    "question_id": "5f60bfe0-f97d-4923-9d8b-dcbadde2972e",
    "question_text": "Analyze the given CSS code snippet. Write the class name that will be styled by this CSS rule in the space provided.",
    "multimedia": [],
    "skills": [],
    "toughness": "EASY",
    "reference": "",
    "question_type": "CODE_ANALYSIS_TEXTUAL",
    "tag_names": [
      "REMEMBERING",
      "CQ001",
      "CSS - Selectors",
      "identifying_css_class_selector_syntax",
      "CSS"
    ],
    "content_type": "MARKDOWN",
    "input_output": [
      {
        "input": "",
        "output": [
          "info"
        ]
      }
    ],
    "code_metadata": [
      {
        "is_editable": false,
        "language": "CSS",
        "code_data": ".info {\n    font-size: 18px;\n}",
        "default_code": true
      }
    ],
    "explanation_for_answer": {
      "content": "",
      "content_type": "MARKDOWN"
    }
  },
  {
    "question_key": "CQ002_v6",
    "skills": [],
    "toughness": "EASY",
    "question_type": "CODE_ANALYSIS_MULTIPLE_CHOICE",
    "explanation_for_answer": {
      "content": "The ID selector is used to select one unique element within the HTML document, and it must be unique. It is prefixed with a hash (#) symbol, not a dot or an asterisk.",
      "content_type": "MARKDOWN"
    },
    "question_text": "Given the HTML code, which statement is correct regarding the use of ID?",
    "multimedia": [],
    "content_type": "MARKDOWN",
    "tag_names": [
      "understanding_css_id_selector_usage",
      "CSS - Selectors",
      "UNDERSTAND",
      "CSS",
      "CQ002"
    ],
    "input_output": [
      {
        "input": "",
        "question_id": "64c66d6c-dd0b-45bc-a332-4fe7fbeb3e08",
        "wrong_answers": [
          "The same ID can be used on multiple elements in a single HTML document.",
          "ID selectors are prefixed with a dot (.) symbol.",
          "ID selectors are prefixed with an asterisk (*) symbol."
        ],
        "output": [
          "Each ID value must be unique within the HTML document."
        ]
      }
    ],
    "code_metadata": [
      {
        "is_editable": false,
        "language": "HTML",
        "code_data": "<!DOCTYPE html>\n<html>\n  <head> </head>\n  <body>\n    <p id=\"uniqueElement\">This is a unique element.</p>\n    <p id=\"uniqueElement\">This should not have the same ID.</p>\n  </body>\n</html>",
        "default_code": true
      }
    ]
  },
  {
    "question_key": "CQ002_v11",
    "question_id": "436fdca8-66f6-4890-a50c-bf1229d4ac84",
    "question_text": "Inspect the code. Write the ID selector to reference an element by the given ID `uniqueClass` in CSS in the space provided.",
    "multimedia": [],
    "skills": [],
    "toughness": "EASY",
    "reference": "",
    "question_type": "CODE_ANALYSIS_TEXTUAL",
    "tag_names": [
      "understanding_css_id_selector_usage",
      "CSS - Selectors",
      "UNDERSTAND",
      "CSS",
      "CQ002"
    ],
    "content_type": "MARKDOWN",
    "input_output": [
      {
        "input": "",
        "output": [
          "#uniqueClass"
        ]
      }
    ],
    "code_metadata": [
      {
        "is_editable": false,
        "language": "HTML",
        "code_data": "<!DOCTYPE html>\n<html>\n  <head>\n  </head>\n  <body>\n    <p id=\"uniqueClass\">This paragraph is styled using a class selector.</p>\n  </body>\n</html>",
        "default_code": true
      }
    ],
    "explanation_for_answer": {
      "content": "In CSS, an ID selector is denoted by a hash (#) followed by the ID name. The paragraph with the ID \"uniqueID\" is correctly styled using the ID selector.",
      "content_type": "MARKDOWN"
    }
  },
  {
    "question_key": "CQ003",
    "skills": [],
    "toughness": "EASY",
    "question_type": "CODE_ANALYSIS_MULTIPLE_CHOICE",
    "explanation_for_answer": {
      "content": "",
      "content_type": "MARKDOWN"
    },
    "question_text": "Given the HTML code, which CSS selector would correctly target paragraph element?",
    "multimedia": [],
    "content_type": "MARKDOWN",
    "tag_names": [
      "CQ003",
      "APPLY",
      "CSS - Selectors",
      "applying_combined_css_selectors",
      "CSS"
    ],
    "input_output": [
      {
        "input": "",
        "question_id": "cf3a51e2-8c35-48a1-ba73-597c66919fd7",
        "wrong_answers": [
          "#highlight",
          "highlight",
          "*highlight"
        ],
        "output": [
          ".highlight"
        ]
      }
    ],
    "code_metadata": [
      {
        "is_editable": false,
        "language": "HTML",
        "code_data": "<!DOCTYPE html>\n<html>\n  <head>\n  </head>\n  <body>\n    <p class=\"highlight\">Text</p>\n  </body>\n</html>",
        "default_code": true
      }
    ]
  },
  {
    "question_key": "CQ003_v1",
    "skills": [],
    "toughness": "EASY",
    "question_type": "CODE_ANALYSIS_MULTIPLE_CHOICE",
    "explanation_for_answer": {
      "content": "The '.' prefix is used to select elements based on their class name. Therefore, `.highlight` will correctly target an element with the class `highlight`. The '#' prefix is for ID selectors, 'p.highlight' is a combined type and class selector which is not required here, and `highlight` without a prefix is incorrect syntax for a class selector.",
      "content_type": "MARKDOWN"
    },
    "question_text": "Which CSS selector will target an HTML element defined in the given code snippet?",
    "multimedia": [],
    "content_type": "MARKDOWN",
    "tag_names": [
      "CQ003",
      "APPLY",
      "CSS - Selectors",
      "applying_combined_css_selectors",
      "CSS"
    ],
    "input_output": [
      {
        "input": "",
        "question_id": "ca19b978-e9e0-4c59-ac09-139042198386",
        "wrong_answers": [
          "#highlight",
          "*highlight",
          "highlight"
        ],
        "output": [
          ".highlight"
        ]
      }
    ],
    "code_metadata": [
      {
        "is_editable": false,
        "language": "HTML",
        "code_data": "<!DOCTYPE html>\n<html>\n  <head>\n  </head>\n  <body>\n    <p class=\"highlight\">Text</p>\n  </body>\n</html>",
        "default_code": true
      }
    ]
  },
  {
    "question_key": "CQ003_v5",
    "skills": [],
    "toughness": "EASY",
    "question_type": "CODE_ANALYSIS_MULTIPLE_CHOICE",
    "explanation_for_answer": {
      "content": "",
      "content_type": "MARKDOWN"
    },
    "question_text": "Which CSS selector will apply styles to all paragraphs with the class `highlight`?",
    "multimedia": [],
    "content_type": "MARKDOWN",
    "tag_names": [
      "CQ003",
      "APPLY",
      "CSS - Selectors",
      "applying_combined_css_selectors",
      "CSS"
    ],
    "input_output": [
      {
        "input": "",
        "question_id": "c3deb486-0a71-4e66-9385-3a0a515f1f1f",
        "wrong_answers": [
          "*highlight",
          "#highlight",
          "highlight"
        ],
        "output": [
          ".highlight"
        ]
      }
    ],
    "code_metadata": [
      {
        "is_editable": false,
        "language": "HTML",
        "code_data": "<!DOCTYPE html>\n<html>\n  <head>\n  </head>\n  <body>\n    <p class=\"highlight\">Highlighted Text</p>\n  </body>\n</html>",
        "default_code": true
      }
    ]
  },
  {
    "question_key": "CQ003_v7",
    "skills": [],
    "toughness": "EASY",
    "question_type": "CODE_ANALYSIS_MULTIPLE_CHOICE",
    "explanation_for_answer": {
      "content": "",
      "content_type": "MARKDOWN"
    },
    "question_text": "Based on the CSS code provided, what is the final text color of the element with the class `classFirst `?",
    "multimedia": [],
    "content_type": "MARKDOWN",
    "tag_names": [
      "CQ003",
      "APPLY",
      "CSS - Selectors",
      "applying_combined_css_selectors",
      "CSS"
    ],
    "input_output": [
      {
        "input": "",
        "question_id": "efc453dd-2116-46dd-a6c9-97ffe66b48f7",
        "wrong_answers": [
          "red",
          "No color",
          "Default browser color"
        ],
        "output": [
          "blue"
        ]
      }
    ],
    "code_metadata": [
      {
        "is_editable": false,
        "language": "CSS",
        "code_data": ".classFirst { \n  color: red; \n}\n.classFirst { \n  color: blue; \n}",
        "default_code": true
      }
    ]
  },
  {
    "question_key": "CQ003_v8",
    "question_id": "820188ee-888e-445b-94e8-e202556b8f11",
    "question_text": "What will be the text color of the element with class `highlight` after applying the given CSS code?",
    "multimedia": [],
    "skills": [],
    "toughness": "EASY",
    "reference": "",
    "question_type": "CODE_ANALYSIS_TEXTUAL",
    "tag_names": [
      "CQ003",
      "APPLY",
      "CSS - Selectors",
      "applying_combined_css_selectors",
      "CSS"
    ],
    "content_type": "MARKDOWN",
    "input_output": [
      {
        "input": "",
        "output": [
          "blue"
        ]
      }
    ],
    "code_metadata": [
      {
        "is_editable": false,
        "language": "CSS",
        "code_data": ".highlight {\n    color: blue;\n}",
        "default_code": true
      }
    ],
    "explanation_for_answer": {
      "content": "",
      "content_type": "MARKDOWN"
    }
  },
  {
    "question_key": "CQ004_v6",
    "skills": [],
    "toughness": "EASY",
    "question_type": "CODE_ANALYSIS_MULTIPLE_CHOICE",
    "explanation_for_answer": {
      "content": "",
      "content_type": "MARKDOWN"
    },
    "question_text": "According to the given code, which CSS selector is used to style all elements of the specified tag?",
    "multimedia": [],
    "content_type": "MARKDOWN",
    "tag_names": [
      "understanding_css_type_selectors",
      "CQ004",
      "CSS - Selectors",
      "UNDERSTAND",
      "CSS"
    ],
    "input_output": [
      {
        "input": "",
        "question_id": "d7678324-7f56-406d-bd15-ce437965a887",
        "wrong_answers": [
          "Class selector",
          "ID selector",
          "All the given options"
        ],
        "output": [
          "Type selector"
        ]
      }
    ],
    "code_metadata": [
      {
        "is_editable": false,
        "language": "CSS",
        "code_data": "h1 {\n   color: red;\n}",
        "default_code": true
      }
    ]
  },
  {
    "question_key": "CQ004_v7",
    "skills": [],
    "toughness": "EASY",
    "question_type": "CODE_ANALYSIS_MULTIPLE_CHOICE",
    "explanation_for_answer": {
      "content": "The type selector p targets all <p> elements and applies the font-size style to them.",
      "content_type": "MARKDOWN"
    },
    "question_text": "What does the CSS code snippet do?",
    "multimedia": [],
    "content_type": "MARKDOWN",
    "tag_names": [
      "understanding_css_type_selectors",
      "CQ004",
      "CSS - Selectors",
      "UNDERSTAND",
      "CSS"
    ],
    "input_output": [
      {
        "input": "",
        "question_id": "d0207045-ed16-4c51-977b-e08640f9d906",
        "wrong_answers": [
          "Changes the font size of all elements with class 'p'",
          "Changes the font size of all elements with id 'p'",
          "None of the given options"
        ],
        "output": [
          "Changes the font size of all <p> elements"
        ]
      }
    ],
    "code_metadata": [
      {
        "is_editable": false,
        "language": "CSS",
        "code_data": "p {\n    font-size: 16px;\n}",
        "default_code": true
      }
    ]
  },
  {
    "question_key": "CQ004_v8",
    "skills": [],
    "toughness": "EASY",
    "question_type": "CODE_ANALYSIS_MULTIPLE_CHOICE",
    "explanation_for_answer": {
      "content": "The type selector div targets all <div> elements and applies the background-color style to them.",
      "content_type": "MARKDOWN"
    },
    "question_text": "Select the correct statement about the CSS type selector in the given code.",
    "multimedia": [],
    "content_type": "MARKDOWN",
    "tag_names": [
      "understanding_css_type_selectors",
      "CQ004",
      "CSS - Selectors",
      "UNDERSTAND",
      "CSS"
    ],
    "input_output": [
      {
        "input": "",
        "question_id": "0299b666-03bc-40e3-9c5e-4953bc53bdbc",
        "wrong_answers": [
          "It selects all elements with the class 'div'",
          "None of the given options",
          "It selects all elements with the id 'div'"
        ],
        "output": [
          "It selects all <div> elements in the document"
        ]
      }
    ],
    "code_metadata": [
      {
        "is_editable": false,
        "language": "CSS",
        "code_data": "div {\n    background-color: lightblue;\n}",
        "default_code": true
      }
    ]
  },
  {
    "question_key": "CQ004_v9",
    "skills": [],
    "toughness": "EASY",
    "question_type": "CODE_ANALYSIS_MULTIPLE_CHOICE",
    "explanation_for_answer": {
      "content": "The type selector ul targets all <ul> elements and applies the list-style-type style to them, removing the default list item markers.",
      "content_type": "MARKDOWN"
    },
    "question_text": "Based on the CSS code provided, which elements will be affected by the type selector?",
    "multimedia": [],
    "content_type": "MARKDOWN",
    "tag_names": [
      "understanding_css_type_selectors",
      "CQ004",
      "CSS - Selectors",
      "UNDERSTAND",
      "CSS"
    ],
    "input_output": [
      {
        "input": "",
        "question_id": "7384c307-82c5-49b1-9f1b-9d587bb2d72d",
        "wrong_answers": [
          "All the HTML elements",
          "All elements with class 'ul'",
          "All elements with ID 'ul'"
        ],
        "output": [
          "All <ul> elements"
        ]
      }
    ],
    "code_metadata": [
      {
        "is_editable": false,
        "language": "CSS",
        "code_data": "ul {\n    list-style-type: none;\n}",
        "default_code": true
      }
    ]
  },
  {
    "question_key": "CQ004_v12",
    "question_id": "eaeb2877-d062-4675-9b93-84d7e86da490",
    "question_text": "What will be the color of the text inside the `<p>` tags after applying the given CSS code?",
    "multimedia": [],
    "skills": [],
    "toughness": "EASY",
    "reference": "",
    "question_type": "CODE_ANALYSIS_TEXTUAL",
    "tag_names": [
      "understanding_css_type_selectors",
      "CQ004",
      "CSS - Selectors",
      "UNDERSTAND",
      "CSS"
    ],
    "content_type": "MARKDOWN",
    "input_output": [
      {
        "input": "",
        "output": [
          "green"
        ]
      }
    ],
    "code_metadata": [
      {
        "is_editable": false,
        "language": "CSS",
        "code_data": "p {\n  color: green;\n}",
        "default_code": true
      }
    ],
    "explanation_for_answer": {
      "content": "The CSS type selector 'p' selects all <p> elements and applies the color green to the text inside them.",
      "content_type": "MARKDOWN"
    }
  },
  {
    "question_key": "CQ004_v13",
    "question_id": "21f481c3-61e8-4705-b420-21379657a2da",
    "question_text": "Analyze the code snippet, identify and write the start tag of the HTML element targeted by the given CSS type selector.",
    "multimedia": [],
    "skills": [],
    "toughness": "EASY",
    "reference": "",
    "question_type": "CODE_ANALYSIS_TEXTUAL",
    "tag_names": [
      "understanding_css_type_selectors",
      "CQ004",
      "CSS - Selectors",
      "UNDERSTAND",
      "CSS"
    ],
    "content_type": "MARKDOWN",
    "input_output": [
      {
        "input": "",
        "output": [
          "<h1>"
        ]
      }
    ],
    "code_metadata": [
      {
        "is_editable": false,
        "language": "CSS",
        "code_data": "h1 {\n  color: red;\n}",
        "default_code": true
      }
    ],
    "explanation_for_answer": {
      "content": "The CSS type selector 'h1' specifically targets the `<h1>` element in the HTML document, making its text color red.",
      "content_type": "MARKDOWN"
    }
  },
  {
    "question_key": "CQ004_v14",
    "question_id": "dd3859d4-5420-45a8-9e03-0c1e83c934ec",
    "question_text": "What will be the background-color for the `<div>` elements when the given CSS is applied?",
    "multimedia": [],
    "skills": [],
    "toughness": "EASY",
    "reference": "",
    "question_type": "CODE_ANALYSIS_TEXTUAL",
    "tag_names": [
      "understanding_css_type_selectors",
      "CQ004",
      "CSS - Selectors",
      "UNDERSTAND",
      "CSS"
    ],
    "content_type": "MARKDOWN",
    "input_output": [
      {
        "input": "",
        "output": [
          "yellow"
        ]
      }
    ],
    "code_metadata": [
      {
        "is_editable": false,
        "language": "CSS",
        "code_data": "div {\n  background-color: yellow;\n}",
        "default_code": true
      }
    ],
    "explanation_for_answer": {
      "content": "The CSS type selector 'div' selects all `<div>` elements and sets their background color to yellow.",
      "content_type": "MARKDOWN"
    }
  },
  {
    "question_key": "CQ005_v5",
    "skills": [],
    "toughness": "EASY",
    "question_type": "CODE_ANALYSIS_MULTIPLE_CHOICE",
    "explanation_for_answer": {
      "content": "The class selector `.blue-text` is used to change the text color to blue. ID selectors are prefixed with a hash (`#`) and are used for unique elements, while class selectors are prefixed with a dot (`.`) and can be used on multiple elements.",
      "content_type": "MARKDOWN"
    },
    "question_text": "Which selector is being used in the given CSS code snippet to change the text color to blue?",
    "multimedia": [],
    "content_type": "MARKDOWN",
    "tag_names": [
      "understanding_class_and_id_selectors",
      "CSS - Selectors",
      "CQ005",
      "UNDERSTAND",
      "CSS"
    ],
    "input_output": [
      {
        "input": "",
        "question_id": "8c77be0a-06e3-480f-9719-bfad667aa462",
        "wrong_answers": [
          "ID selector",
          "Type selector",
          "None of the given options"
        ],
        "output": [
          "Class selector"
        ]
      }
    ],
    "code_metadata": [
      {
        "is_editable": false,
        "language": "CSS",
        "code_data": ".blue-text {\n  color: blue;\n}",
        "default_code": true
      }
    ]
  },
  {
    "question_key": "CQ005_v7",
    "question_id": "c4578784-c9b0-421d-b9f8-f1df4a307c2e",
    "question_text": "Given the CSS code, what would be the text color of the element with ID `uniqueElement`?",
    "multimedia": [],
    "skills": [],
    "toughness": "EASY",
    "reference": "",
    "question_type": "CODE_ANALYSIS_TEXTUAL",
    "tag_names": [
      "understanding_class_and_id_selectors",
      "CSS - Selectors",
      "CQ005",
      "UNDERSTAND",
      "CSS"
    ],
    "content_type": "MARKDOWN",
    "input_output": [
      {
        "input": "",
        "output": [
          "red"
        ]
      }
    ],
    "code_metadata": [
      {
        "is_editable": false,
        "language": "CSS",
        "code_data": "#uniqueElement {\n  color: red;\n}",
        "default_code": true
      }
    ],
    "explanation_for_answer": {
      "content": "In the given code, the text \"Unique Element\" is styled with an ID selector (#uniqueElement), which applies the color red to this specific paragraph element.",
      "content_type": "MARKDOWN"
    }
  },
  {
    "question_key": "CQ005_v8",
    "question_id": "415833ac-43e9-478c-958e-996926c8f239",
    "question_text": "What will be the text color of the element having class as `styledClass` in the HTML page based on the provided code?",
    "multimedia": [],
    "skills": [],
    "toughness": "EASY",
    "reference": "",
    "question_type": "CODE_ANALYSIS_TEXTUAL",
    "tag_names": [
      "understanding_class_and_id_selectors",
      "CSS - Selectors",
      "CQ005",
      "UNDERSTAND",
      "CSS"
    ],
    "content_type": "MARKDOWN",
    "input_output": [
      {
        "input": "",
        "output": [
          "purple"
        ]
      }
    ],
    "code_metadata": [
      {
        "is_editable": false,
        "language": "CSS",
        "code_data": ".styledClass {\n  color: purple;\n}",
        "default_code": true
      }
    ],
    "explanation_for_answer": {
      "content": "The paragraph with the text \"Styled by Class\" is using a class selector (`.styledClass`), which assigns the color purple to it.",
      "content_type": "MARKDOWN"
    }
  }
]