[
    {
        "question_key": "OOP02_v3",
        "skills": [
            "REMEMBERING",
            "Object-Oriented Programming",
            "OOP - Encapsulation"
        ],
        "toughness": "EASY",
        "question_type": "CODE_ANALYSIS_MULTIPLE_CHOICE",
        "explanation_for_answer": null,
        "question_text": "What is the output of the given code snippet?",
        "multimedia": [],
        "content_type": "HTML",
        "tag_names": [
            "Object-Oriented Programming",
            "OOP - Encapsulation",
            "REMEMBERING",
            "understand_encapsulation_in_oop"
        ],
        "input_output": [
            {
                "input": "",
                "question_id": "bfee0a77-e6d5-46f7-916d-5b2730860782",
                "wrong_answers": [
                    "Corolla",
                    "my_car",
                    "Car"
                ],
                "output": [
                    "Toyota"
                ]
            }
        ],
        "code_metadata": [
            {
                "is_editable": false,
                "language": "PYTHON",
                "code_data": "class Car:\n    def __init__(self, brand, model):\n        self.brand = brand\n        self.model = model\n\nmy_car = Car(\"Toyota\", \"Corolla\")\nprint(my_car.brand)",
                "default_code": true
            }
        ]
    },
    {
        "question_key": "OOP02_v4",
        "skills": [
            "REMEMBERING",
            "Object-Oriented Programming",
            "OOP - Encapsulation"
        ],
        "toughness": "EASY",
        "question_type": "CODE_ANALYSIS_MULTIPLE_CHOICE",
        "explanation_for_answer": null,
        "question_text": "The given code snippet correctly demonstrates the concept of encapsulation in OOP.",
        "multimedia": [],
        "content_type": "HTML",
        "tag_names": [
            "Object-Oriented Programming",
            "OOP - Encapsulation",
            "REMEMBERING",
            "understand_encapsulation_in_oop"
        ],
        "input_output": [
            {
                "input": "",
                "question_id": "17aff5f2-ef48-4856-bb02-26cb833fa464",
                "wrong_answers": [
                    "False"
                ],
                "output": [
                    "True"
                ]
            }
        ],
        "code_metadata": [
            {
                "is_editable": false,
                "language": "PYTHON",
                "code_data": "class Car:\n    def __init__(self, brand, model):\n        self.brand = brand\n        self.model = model\n\nmy_car = Car(\"Toyota\", \"Corolla\")",
                "default_code": true
            }
        ]
    },
    {
        "question_key": "OOP02_v5",
        "skills": [
            "REMEMBERING",
            "Object-Oriented Programming",
            "OOP - Encapsulation"
        ],
        "toughness": "EASY",
        "question_type": "CODE_ANALYSIS_MULTIPLE_CHOICE",
        "explanation_for_answer": null,
        "question_text": "Identify the error in the given code snippet.",
        "multimedia": [],
        "content_type": "HTML",
        "tag_names": [
            "Object-Oriented Programming",
            "OOP - Encapsulation",
            "REMEMBERING",
            "understand_encapsulation_in_oop"
        ],
        "input_output": [
            {
                "input": "",
                "question_id": "33387eaa-62f2-4d23-883c-2d70237b21e2",
                "wrong_answers": [
                    "Incorrect indentation",
                    "The __init__ method should not have parameters",
                    "No error"
                ],
                "output": [
                    "Incorrect use of __self__ instead of self"
                ]
            }
        ],
        "code_metadata": [
            {
                "is_editable": false,
                "language": "PYTHON",
                "code_data": "class Car:\n    def __init__(self, brand, model):\n        __self__.brand = brand\n        __self__.model = model\nmy_car = Car(\"Toyota\", \"Corolla\")",
                "default_code": true
            }
        ]
    },
    {
        "question_key": "OOP02_v6",
        "skills": [
            "REMEMBERING",
            "Object-Oriented Programming",
            "OOP - Encapsulation"
        ],
        "toughness": "EASY",
        "question_type": "CODE_ANALYSIS_MULTIPLE_CHOICE",
        "explanation_for_answer": null,
        "question_text": "The given code snippet has a NameError due Incorrect use of __self__ instead of self?",
        "multimedia": [],
        "content_type": "HTML",
        "tag_names": [
            "Object-Oriented Programming",
            "OOP - Encapsulation",
            "REMEMBERING",
            "understand_encapsulation_in_oop"
        ],
        "input_output": [
            {
                "input": "",
                "question_id": "19b636a2-1552-4569-bc7a-a5ae4876aaa7",
                "wrong_answers": [
                    "False"
                ],
                "output": [
                    "True"
                ]
            }
        ],
        "code_metadata": [
            {
                "is_editable": false,
                "language": "PYTHON",
                "code_data": "class Car:\n    def __init__(self, brand, model):\n        self.brand = brand\n        self.model = model",
                "default_code": true
            }
        ]
    },
    {
        "question_key": "OOP02_v7",
        "skills": [
            "REMEMBERING",
            "Object-Oriented Programming",
            "OOP - Encapsulation"
        ],
        "toughness": "EASY",
        "question_type": "CODE_ANALYSIS_MULTIPLE_CHOICE",
        "explanation_for_answer": null,
        "question_text": "How to fix the error in the given code snippet?",
        "multimedia": [],
        "content_type": "HTML",
        "tag_names": [
            "Object-Oriented Programming",
            "OOP - Encapsulation",
            "REMEMBERING",
            "understand_encapsulation_in_oop"
        ],
        "input_output": [
            {
                "input": "",
                "question_id": "3fe34d28-4e47-46d7-ba61-9941f4a15685",
                "wrong_answers": [
                    "Replace __init__ with init",
                    "Remove the parameters from the __init__ method",
                    "Replace self with cls"
                ],
                "output": [
                    "No change needed"
                ]
            }
        ],
        "code_metadata": [
            {
                "is_editable": false,
                "language": "PYTHON",
                "code_data": "class Car:\n    def __init__(self, brand, model):\n        self.brand = brand\n        self.model = model",
                "default_code": true
            }
        ]
    },
    {
        "question_key": "OOP02_v9",
        "skills": [
            "REMEMBERING",
            "Object-Oriented Programming",
            "OOP - Encapsulation"
        ],
        "toughness": "EASY",
        "question_type": "CODE_ANALYSIS_MULTIPLE_CHOICE",
        "explanation_for_answer": null,
        "question_text": "What is the purpose of the given code snippet?",
        "multimedia": [],
        "content_type": "HTML",
        "tag_names": [
            "Object-Oriented Programming",
            "OOP - Encapsulation",
            "REMEMBERING",
            "understand_encapsulation_in_oop"
        ],
        "input_output": [
            {
                "input": "",
                "question_id": "40258d4e-c2b3-43fb-8a81-aee459816539",
                "wrong_answers": [
                    "To print the brand and model of a car",
                    "To calculate the speed of a car",
                    "To list all car brands and models"
                ],
                "output": [
                    "To define a Car class with brand and model properties"
                ]
            }
        ],
        "code_metadata": [
            {
                "is_editable": false,
                "language": "PYTHON",
                "code_data": "class Car:\n    def __init__(self, brand, model):\n        self.brand = brand\n        self.model = model",
                "default_code": true
            }
        ]
    },
    {
        "question_key": "OOP02_v10",
        "skills": [
            "REMEMBERING",
            "Object-Oriented Programming",
            "OOP - Encapsulation"
        ],
        "toughness": "EASY",
        "question_type": "CODE_ANALYSIS_MULTIPLE_CHOICE",
        "explanation_for_answer": null,
        "question_text": "The given code snippet defines a class in Python that encapsulates properties related to a car.",
        "multimedia": [],
        "content_type": "HTML",
        "tag_names": [
            "Object-Oriented Programming",
            "OOP - Encapsulation",
            "REMEMBERING",
            "understand_encapsulation_in_oop"
        ],
        "input_output": [
            {
                "input": "",
                "question_id": "b48780d0-b049-441d-8214-604ec67e6b7d",
                "wrong_answers": [
                    "False"
                ],
                "output": [
                    "True"
                ]
            }
        ],
        "code_metadata": [
            {
                "is_editable": false,
                "language": "PYTHON",
                "code_data": "class Car:\n    def __init__(self, brand, model):\n        self.brand = brand\n        self.model = model",
                "default_code": true
            }
        ]
    },
    {
        "question_key": "OOP03_v5",
        "skills": [
            "REMEMBERING",
            "Object-Oriented Programming",
            "OOP - Classes and Instances"
        ],
        "toughness": "EASY",
        "question_type": "CODE_ANALYSIS_MULTIPLE_CHOICE",
        "explanation_for_answer": null,
        "question_text": "What is the error in the given code snippet?",
        "multimedia": [],
        "content_type": "HTML",
        "tag_names": [
            "Object-Oriented Programming",
            "OOP - Classes and Instances",
            "REMEMBERING",
            "use_init_method_for_instantiation"
        ],
        "input_output": [
            {
                "input": "",
                "question_id": "747ac072-bfa9-49fc-84b9-8ebceaeb68ef",
                "wrong_answers": [
                    "Incorrect attribute assignment",
                    "Missing self parameter",
                    "No error"
                ],
                "output": [
                    "The __init__ method is wrongly initialised"
                ]
            }
        ],
        "code_metadata": [
            {
                "is_editable": false,
                "language": "PYTHON",
                "code_data": "class Car:\n    def __init___(self, brand, model):\n        self.brand = brand\n        self.model = model\nmy_car = Car(\"Toyota\", \"Corolla\")",
                "default_code": true
            }
        ]
    },
    {
        "question_key": "OOP03_v6",
        "skills": [
            "REMEMBERING",
            "Object-Oriented Programming",
            "OOP - Classes and Instances"
        ],
        "toughness": "EASY",
        "question_type": "CODE_ANALYSIS_MULTIPLE_CHOICE",
        "explanation_for_answer": null,
        "question_text": "How to resolve the error in the given code snippet?",
        "multimedia": [],
        "content_type": "HTML",
        "tag_names": [
            "Object-Oriented Programming",
            "OOP - Classes and Instances",
            "REMEMBERING",
            "use_init_method_for_instantiation"
        ],
        "input_output": [
            {
                "input": "",
                "question_id": "79c68bd4-72b5-4948-af97-c4ca707555e2",
                "wrong_answers": [
                    "Add a return statement",
                    "Remove the self parameter",
                    "Replace __init___ with __start__"
                ],
                "output": [
                    "Correct the __init__ method name"
                ]
            }
        ],
        "code_metadata": [
            {
                "is_editable": false,
                "language": "PYTHON",
                "code_data": "class Car:\n    def __init___(self, brand, model):\n        self.brand = brand\n        self.model = model\nmy_car = Car(\"Toyota\", \"Corolla\")",
                "default_code": true
            }
        ]
    },
    {
        "question_key": "OOP03_v7",
        "skills": [
            "REMEMBERING",
            "Object-Oriented Programming",
            "OOP - Classes and Instances"
        ],
        "toughness": "EASY",
        "question_type": "CODE_ANALYSIS_MULTIPLE_CHOICE",
        "explanation_for_answer": null,
        "question_text": "What is the purpose of the __init__ method in the given code snippet?",
        "multimedia": [],
        "content_type": "HTML",
        "tag_names": [
            "Object-Oriented Programming",
            "OOP - Classes and Instances",
            "REMEMBERING",
            "use_init_method_for_instantiation"
        ],
        "input_output": [
            {
                "input": "",
                "question_id": "48ed9246-9b58-467b-bc7d-91664acedee8",
                "wrong_answers": [
                    "To create a new class",
                    "To print the value",
                    "To inherit from another class"
                ],
                "output": [
                    "To assign values to properties"
                ]
            }
        ],
        "code_metadata": [
            {
                "is_editable": false,
                "language": "PYTHON",
                "code_data": "class MyClass:\n    def __init__(self, value):\n        self.attribute = value",
                "default_code": true
            }
        ]
    },
    {
        "question_key": "OOP03_v8",
        "skills": [
            "REMEMBERING",
            "Object-Oriented Programming",
            "OOP - Classes and Instances"
        ],
        "toughness": "EASY",
        "question_type": "CODE_ANALYSIS_MULTIPLE_CHOICE",
        "explanation_for_answer": null,
        "question_text": "Which of the following options is an equivalent way to assign values to properties as shown in the given code snippet?",
        "multimedia": [],
        "content_type": "HTML",
        "tag_names": [
            "Object-Oriented Programming",
            "OOP - Classes and Instances",
            "REMEMBERING",
            "use_init_method_for_instantiation"
        ],
        "input_output": [
            {
                "input": "",
                "question_id": "67cc8f9a-cc22-412f-a216-1f950d18e760",
                "wrong_answers": [
                    "class MyClass:\n    def initialize(self):\n        self.name = \"Prasad\"",
                    "class MyClass:\n    def __new__(self):\n        self.name = \"chanakya\"",
                    "class MyClass:\n    def __create__(self):\n        self.name = \"jeevan\""
                ],
                "output": [
                    "class MyClass:\n    def __init__(self):\n        self.name = \"Surya\""
                ]
            }
        ],
        "code_metadata": [
            {
                "is_editable": false,
                "language": "PYTHON",
                "code_data": "class MyClass:\n    def __init__(self):\n        self.attribute = \"value\"",
                "default_code": true
            }
        ]
    },
    {
        "question_key": "OOP05_v4",
        "skills": [
            "REMEMBERING",
            "Object-Oriented Programming",
            "OOP - Attributes and Methods"
        ],
        "toughness": "EASY",
        "question_type": "CODE_ANALYSIS_MULTIPLE_CHOICE",
        "explanation_for_answer": null,
        "question_text": "The given code snippet correctly prints the model of the car as 'Corolla'.",
        "multimedia": [],
        "content_type": "HTML",
        "tag_names": [
            "Object-Oriented Programming",
            "OOP - Attributes and Methods",
            "REMEMBERING",
            "differentiate_attributes_and_methods"
        ],
        "input_output": [
            {
                "input": "",
                "question_id": "f0bfed18-3a40-4807-8480-c703b46f8117",
                "wrong_answers": [
                    "False"
                ],
                "output": [
                    "True"
                ]
            }
        ],
        "code_metadata": [
            {
                "is_editable": false,
                "language": "PYTHON",
                "code_data": "class Car:\n    def __init__(self, brand, model):\n        self.brand = brand\n        self.model = model\n\nmy_car = Car(\"RR\", \"Corolla\")\nprint(my_car.model)",
                "default_code": true
            }
        ]
    },
    {
        "question_key": "OOP05_v5",
        "skills": [
            "REMEMBERING",
            "Object-Oriented Programming",
            "OOP - Attributes and Methods"
        ],
        "toughness": "EASY",
        "question_type": "CODE_ANALYSIS_MULTIPLE_CHOICE",
        "explanation_for_answer": null,
        "question_text": "What is the error in the given code snippet?",
        "multimedia": [],
        "content_type": "HTML",
        "tag_names": [
            "Object-Oriented Programming",
            "OOP - Attributes and Methods",
            "REMEMBERING",
            "differentiate_attributes_and_methods"
        ],
        "input_output": [
            {
                "input": "",
                "question_id": "752f6e2c-b194-4698-b125-bb8d8c4175dc",
                "wrong_answers": [
                    "No Error",
                    "Incorrect class instantiation",
                    "Syntax error in print statement"
                ],
                "output": [
                    "Incorrect attribute access"
                ]
            }
        ],
        "code_metadata": [
            {
                "is_editable": false,
                "language": "PYTHON",
                "code_data": "class Car:\n    def __init__(self, brand, model):\n        self.brand = brand\n        self.model = model\n\nmy_car = Car(\"RR\", \"Suzuki\")\nprint(my_car.price)",
                "default_code": true
            }
        ]
    },
    {
        "question_key": "OOP05_v6",
        "skills": [
            "REMEMBERING",
            "Object-Oriented Programming",
            "OOP - Attributes and Methods"
        ],
        "toughness": "EASY",
        "question_type": "CODE_ANALYSIS_MULTIPLE_CHOICE",
        "explanation_for_answer": null,
        "question_text": "The given code snippet has an error because the `price` attribute is not defined in the `Car` class.",
        "multimedia": [],
        "content_type": "MARKDOWN",
        "tag_names": [
            "Object-Oriented Programming",
            "OOP - Attributes and Methods",
            "REMEMBERING",
            "differentiate_attributes_and_methods"
        ],
        "input_output": [
            {
                "input": "",
                "question_id": "8a5affbc-5875-4835-8753-af6cb16cc4c9",
                "wrong_answers": [
                    "False"
                ],
                "output": [
                    "True"
                ]
            }
        ],
        "code_metadata": [
            {
                "is_editable": false,
                "language": "PYTHON",
                "code_data": "class Car:\n    def __init__(self, brand, model):\n        self.brand = brand\n        self.model = model\n\nmy_car = Car(\"Access 125\", \"Suzuki\")\nprint(my_car.price)",
                "default_code": true
            }
        ]
    },
    {
        "question_key": "OOP05_v9",
        "skills": [
            "REMEMBERING",
            "Object-Oriented Programming",
            "OOP - Attributes and Methods"
        ],
        "toughness": "EASY",
        "question_type": "CODE_ANALYSIS_MULTIPLE_CHOICE",
        "explanation_for_answer": null,
        "question_text": "What is the purpose of the given code snippet?",
        "multimedia": [],
        "content_type": "HTML",
        "tag_names": [
            "Object-Oriented Programming",
            "OOP - Attributes and Methods",
            "REMEMBERING",
            "differentiate_attributes_and_methods"
        ],
        "input_output": [
            {
                "input": "",
                "question_id": "f9b3de03-892a-4d0c-8221-6dbe1434ad63",
                "wrong_answers": [
                    "To print the brand and model of a car",
                    "To calculate the price of a car",
                    "None of the given options"
                ],
                "output": [
                    "To define a Car class with brand and model attributes"
                ]
            }
        ],
        "code_metadata": [
            {
                "is_editable": false,
                "language": "PYTHON",
                "code_data": "class Car:\n    def __init__(self, brand, model):\n        self.brand = brand\n        self.model = model",
                "default_code": true
            }
        ]
    },
    {
        "question_key": "OOP05_v10",
        "skills": [
            "REMEMBERING",
            "Object-Oriented Programming",
            "OOP - Attributes and Methods"
        ],
        "toughness": "EASY",
        "question_type": "CODE_ANALYSIS_MULTIPLE_CHOICE",
        "explanation_for_answer": null,
        "question_text": "The given code snippet defines a Car class with brand and model attributes.",
        "multimedia": [],
        "content_type": "HTML",
        "tag_names": [
            "Object-Oriented Programming",
            "OOP - Attributes and Methods",
            "REMEMBERING",
            "differentiate_attributes_and_methods"
        ],
        "input_output": [
            {
                "input": "",
                "question_id": "3be2814d-4933-447f-9808-d0c620db570c",
                "wrong_answers": [
                    "False"
                ],
                "output": [
                    "True"
                ]
            }
        ],
        "code_metadata": [
            {
                "is_editable": false,
                "language": "PYTHON",
                "code_data": "class Car:\n    def __init__(self, brand, model):\n        self.brand = brand\n        self.model = model",
                "default_code": true
            }
        ]
    }
]