[{"question_key": "audio_element_3_v3", "question_id": "ec9dfcd2-8fbc-4f05-8405-e1a3a012cab1", "question_text": "Analyze the HTML code. Will the audio be displayed on the webpage (Yes/No)?", "multimedia": [], "skills": [], "toughness": "EASY", "reference": "", "question_type": "CODE_ANALYSIS_TEXTUAL", "tag_names": ["HTML Audio Element", "understanding_html_audio_controls", "REMEMBERING", "audio_element_3", "Controls Attribute"], "content_type": "MARKDOWN", "input_output": [{"input": "", "output": ["No"]}], "code_metadata": [{"is_editable": false, "language": "HTML", "code_data": "<!DOCTYPE html>\n<html>\n  <head> </head>\n  <body>\n    <div>\n        <audio src=\"https://s3.ap-south-1.amazonaws.com/new-assets.ccbp.in/frontend/loading-data/audio.mp3\"> The audio element is not supported </audio>\n    </div>\n  </body>\n</html>", "default_code": true}], "explanation_for_answer": {"content": "Since the audio element lacks the controls attribute, it will not display.", "content_type": "MARKDOWN"}}, {"question_key": "SEMANTIC_STRUCTURE_06_v4", "skills": [], "toughness": "EASY", "question_type": "CODE_ANALYSIS_MULTIPLE_CHOICE", "explanation_for_answer": {"content": "The `<nav>` element is a semantic element that defines a set of navigation links. Using semantic elements like `<nav>` helps browser bots understand the structure and content of the webpage better, which can improve the webpage's SEO ranking.", "content_type": "MARKDOWN"}, "question_text": "Considering the given code.which semantic HTML element is beneficial for search engine optimization (SEO)?", "multimedia": [], "content_type": "MARKDOWN", "tag_names": ["Advantages of Semantic Elements", "Semantic vs Non-semantic Elements", "SEMANTIC_STRUCTURE_06", "advantages_of_semantic_elements_in_seo", "UNDERSTANDING"], "input_output": [{"input": "", "question_id": "742cd0b1-24a7-4157-aa79-c6033c01621d", "wrong_answers": ["<div>", "<span>", "None of the given options"], "output": ["<nav>"]}], "code_metadata": [{"is_editable": false, "language": "HTML", "code_data": "<!DOCTYPE html>\n<html>\n<head> </head>\n<body>\n<div>\n  <nav>This is nav content</nav>\n  <span>This is span</span>\n  </div>\n</body>\n</html>", "default_code": true}]}]