[
  {
    "question_id": "fb847402-f1ae-404a-9d61-87c3916ae7cc",
    "question_key": "CQ001",
    "skills": [],
    "toughness": "EASY",
    "question_type": "MULTIPLE_CHOICE",
    "question": {
      "content": "Which symbol is used to denote a CSS class selector?",
      "content_type": "MARKDOWN",
      "tag_names": [
        "CQ001",
        "REMEMBER",
        "CSS - Selectors",
        "identifying_css_class_selector_syntax",
        "CSS"
      ],
      "multimedia": []
    },
    "options": [
      {
        "content": "`.`",
        "content_type": "MARKDOWN",
        "is_correct": true,
        "multimedia": []
      },
      {
        "content": "`#`",
        "content_type": "MARKDOWN",
        "is_correct": false,
        "multimedia": []
      },
      {
        "content": "`:`",
        "content_type": "MARKDOWN",
        "is_correct": false,
        "multimedia": []
      },
      {
        "content": "` >`",
        "content_type": "MARKDOWN",
        "is_correct": false,
        "multimedia": []
      }
    ],
    "explanation_for_answer": {
      "content": "",
      "content_type": "MARKDOWN"
    }
  },
  {
    "question_id": "cca8b8de-dccd-469b-8356-7758fcf6c09d",
    "question_key": "CQ001_v1",
    "skills": [],
    "toughness": "EASY",
    "question_type": "MULTIPLE_CHOICE",
    "question": {
      "content": "Which symbol correctly identifies a CSS class selector?",
      "content_type": "MARKDOWN",
      "tag_names": [
        "CQ001",
        "REMEMBER",
        "CSS - Selectors",
        "identifying_css_class_selector_syntax",
        "CSS"
      ],
      "multimedia": []
    },
    "options": [
      {
        "content": "`.`",
        "content_type": "MARKDOWN",
        "is_correct": true,
        "multimedia": []
      },
      {
        "content": "`#`",
        "content_type": "MARKDOWN",
        "is_correct": false,
        "multimedia": []
      },
      {
        "content": "`:`",
        "content_type": "MARKDOWN",
        "is_correct": false,
        "multimedia": []
      },
      {
        "content": "`>`",
        "content_type": "MARKDOWN",
        "is_correct": false,
        "multimedia": []
      }
    ],
    "explanation_for_answer": {
      "content": "",
      "content_type": "MARKDOWN"
    }
  },
  {
    "question_id": "db3ff8bb-eeae-41a7-9023-71f47dfe0272",
    "question_key": "CQ001_v2",
    "skills": [],
    "toughness": "EASY",
    "question_type": "MULTIPLE_CHOICE",
    "question": {
      "content": "Select the symbol that is used to define a class selector in CSS.",
      "content_type": "MARKDOWN",
      "tag_names": [
        "CQ001",
        "REMEMBER",
        "CSS - Selectors",
        "identifying_css_class_selector_syntax",
        "CSS"
      ],
      "multimedia": []
    },
    "options": [
      {
        "content": "Dot (`.`)",
        "content_type": "MARKDOWN",
        "is_correct": true,
        "multimedia": []
      },
      {
        "content": "Hash (`#`)",
        "content_type": "MARKDOWN",
        "is_correct": false,
        "multimedia": []
      },
      {
        "content": "Colon (`:`)",
        "content_type": "MARKDOWN",
        "is_correct": false,
        "multimedia": []
      },
      {
        "content": "Angle bracket (`>`)",
        "content_type": "MARKDOWN",
        "is_correct": false,
        "multimedia": []
      }
    ],
    "explanation_for_answer": {
      "content": "In CSS, a class selector is defined using a dot (.) followed by the class name. The hash (#) is for ID selectors, the colon (:) is for pseudo-classes, and the angle bracket (>) is for child selectors.",
      "content_type": "MARKDOWN"
    }
  },
  {
    "question_id": "1d20f5cd-a8eb-45e4-9c3b-67b379459793",
    "question_key": "CQ001_v3",
    "skills": [],
    "toughness": "EASY",
    "question_type": "MULTIPLE_CHOICE",
    "question": {
      "content": "In CSS, what symbol precedes a class name to create a class selector?",
      "content_type": "MARKDOWN",
      "tag_names": [
        "CQ001",
        "REMEMBER",
        "CSS - Selectors",
        "identifying_css_class_selector_syntax",
        "CSS"
      ],
      "multimedia": []
    },
    "options": [
      {
        "content": "Dot (.)",
        "content_type": "MARKDOWN",
        "is_correct": true,
        "multimedia": []
      },
      {
        "content": "Hash (#)",
        "content_type": "MARKDOWN",
        "is_correct": false,
        "multimedia": []
      },
      {
        "content": "Colon (:)",
        "content_type": "MARKDOWN",
        "is_correct": false,
        "multimedia": []
      },
      {
        "content": "Angle bracket (>)",
        "content_type": "MARKDOWN",
        "is_correct": false,
        "multimedia": []
      }
    ],
    "explanation_for_answer": {
      "content": "A class selector in CSS is created by placing a dot (.) before the class name. The hash (#) symbolizes an ID selector, the colon (:) is used for pseudo-classes, and the angle bracket (>) is for child selectors.",
      "content_type": "MARKDOWN"
    }
  },
  {
    "question_id": "3863c025-cd01-4ec3-887a-eb580ab066fc",
    "question_key": "CQ001_v4",
    "skills": [],
    "toughness": "EASY",
    "question_type": "MULTIPLE_CHOICE",
    "question": {
      "content": "The symbol `#` is used to denote a CSS class selector.",
      "content_type": "MARKDOWN",
      "tag_names": [
        "CQ001",
        "REMEMBER",
        "CSS - Selectors",
        "identifying_css_class_selector_syntax",
        "CSS"
      ],
      "multimedia": []
    },
    "options": [
      {
        "content": "True",
        "content_type": "MARKDOWN",
        "is_correct": false,
        "multimedia": []
      },
      {
        "content": "False",
        "content_type": "MARKDOWN",
        "is_correct": true,
        "multimedia": []
      }
    ],
    "explanation_for_answer": {
      "content": "The statement is false. The correct symbol to denote a CSS class selector is a dot (.). The hash (#) is used for ID selectors.",
      "content_type": "MARKDOWN"
    }
  },
  {
    "question_id": "abe2e39c-d675-466d-8b7b-5499691a4d1a",
    "question_key": "CQ001_v5",
    "skills": [],
    "toughness": "EASY",
    "question_type": "MULTIPLE_CHOICE",
    "question": {
      "content": "Which of the following symbols are used in CSS to select elements with a specific class and ID respectively?",
      "content_type": "MARKDOWN",
      "tag_names": [
        "CQ001",
        "REMEMBER",
        "CSS - Selectors",
        "identifying_css_class_selector_syntax",
        "CSS"
      ],
      "multimedia": []
    },
    "options": [
      {
        "content": "Dot (.) for class, Hash (#) for ID",
        "content_type": "MARKDOWN",
        "is_correct": true,
        "multimedia": []
      },
      {
        "content": "Colon (:) for class, Dot (.) for ID",
        "content_type": "MARKDOWN",
        "is_correct": false,
        "multimedia": []
      },
      {
        "content": "Angle bracket (>) for class, Colon (:) for ID",
        "content_type": "MARKDOWN",
        "is_correct": false,
        "multimedia": []
      },
      {
        "content": "Hash (#) for class, Dot (.) for ID",
        "content_type": "MARKDOWN",
        "is_correct": false,
        "multimedia": []
      }
    ],
    "explanation_for_answer": {
      "content": "In CSS, a dot (.) is used to select elements with a specific class, and a hash (#) is used to select elements with a specific ID. The other symbols are not used for these purposes.",
      "content_type": "MARKDOWN"
    }
  },
  {
    "question_id": "5d004a2d-b6ab-434f-b641-d30ca90557b3",
    "question_key": "CQ002",
    "skills": [],
    "toughness": "EASY",
    "question_type": "MULTIPLE_CHOICE",
    "question": {
      "content": "Which of the following statements about ID attribute is true?",
      "content_type": "MARKDOWN",
      "tag_names": [
        "understanding_css_id_selector_usage",
        "CSS - Selectors",
        "UNDERSTAND",
        "NA\nDIFFICULTY: Medium",
        "CSS"
      ],
      "multimedia": []
    },
    "options": [
      {
        "content": "Multiple elements can share the same ID in an HTML document",
        "content_type": "MARKDOWN",
        "is_correct": false,
        "multimedia": []
      },
      {
        "content": "ID selectors are denoted by a dot (.) followed by the ID name",
        "content_type": "MARKDOWN",
        "is_correct": false,
        "multimedia": []
      },
      {
        "content": "ID values should be unique within an HTML document",
        "content_type": "MARKDOWN",
        "is_correct": true,
        "multimedia": []
      },
      {
        "content": "ID selectors are denoted by a dot (*) followed by the ID name",
        "content_type": "MARKDOWN",
        "is_correct": false,
        "multimedia": []
      }
    ],
    "explanation_for_answer": {
      "content": "",
      "content_type": "MARKDOWN"
    }
  },
  {
    "question_id": "72cc1fd2-97ec-4d3b-b6bc-ead192b57292",
    "question_key": "CQ002_v1",
    "skills": [],
    "toughness": "EASY",
    "question_type": "MULTIPLE_CHOICE",
    "question": {
      "content": "What symbol is used to denote an ID selector in CSS?",
      "content_type": "MARKDOWN",
      "tag_names": [
        "understanding_css_id_selector_usage",
        "CSS - Selectors",
        "UNDERSTAND",
        "CSS",
        "CQ002"
      ],
      "multimedia": []
    },
    "options": [
      {
        "content": "A hash (`#`) followed by the ID name",
        "content_type": "MARKDOWN",
        "is_correct": true,
        "multimedia": []
      },
      {
        "content": "A dot (`.`) followed by the ID name",
        "content_type": "MARKDOWN",
        "is_correct": false,
        "multimedia": []
      },
      {
        "content": "A star (`*`) followed by the ID name",
        "content_type": "MARKDOWN",
        "is_correct": false,
        "multimedia": []
      },
      {
        "content": "A colon (`:`) followed by the ID name",
        "content_type": "MARKDOWN",
        "is_correct": false,
        "multimedia": []
      }
    ],
    "explanation_for_answer": {
      "content": "The symbol used to denote an ID selector in CSS is a hash (#), followed by the ID name. A dot is used for class selectors, a star is not used to denote specific selectors, and a colon is used for pseudo-classes.",
      "content_type": "MARKDOWN"
    }
  },
  {
    "question_id": "b8bb53b5-d85f-4478-9e8c-641e2f8c5b64",
    "question_key": "CQ002_v2",
    "skills": [],
    "toughness": "EASY",
    "question_type": "MULTIPLE_CHOICE",
    "question": {
      "content": "In an HTML document, multiple elements can have the same ID attribute value.",
      "content_type": "MARKDOWN",
      "tag_names": [
        "understanding_css_id_selector_usage",
        "CSS - Selectors",
        "UNDERSTAND",
        "CSS",
        "CQ002"
      ],
      "multimedia": []
    },
    "options": [
      {
        "content": "True",
        "content_type": "MARKDOWN",
        "is_correct": false,
        "multimedia": []
      },
      {
        "content": "False",
        "content_type": "MARKDOWN",
        "is_correct": true,
        "multimedia": []
      }
    ],
    "explanation_for_answer": {
      "content": "In an HTML document, each ID selector should be unique and used only once. Multiple elements cannot have the same CSS ID selector.",
      "content_type": "MARKDOWN"
    }
  },
  {
    "question_id": "4572bc15-ab00-4e17-b72c-b4b853dcf33f",
    "question_key": "CQ002_v3",
    "skills": [],
    "toughness": "EASY",
    "question_type": "MULTIPLE_CHOICE",
    "question": {
      "content": "Which of the following is a correct statement about ID attribute?",
      "content_type": "MARKDOWN",
      "tag_names": [
        "understanding_css_id_selector_usage",
        "CSS - Selectors",
        "UNDERSTAND",
        "CSS",
        "CQ002"
      ],
      "multimedia": []
    },
    "options": [
      {
        "content": "Same ID values can be used multiple times within the same HTML document",
        "content_type": "MARKDOWN",
        "is_correct": false,
        "multimedia": []
      },
      {
        "content": "ID selectors are represented by a dot (.) symbol",
        "content_type": "MARKDOWN",
        "is_correct": false,
        "multimedia": []
      },
      {
        "content": "ID values must be unique within the HTML document",
        "content_type": "MARKDOWN",
        "is_correct": true,
        "multimedia": []
      },
      {
        "content": "ID selectors are represented by a star (*) symbol",
        "content_type": "MARKDOWN",
        "is_correct": false,
        "multimedia": []
      }
    ],
    "explanation_for_answer": {
      "content": "ID values must be unique within the HTML document, meaning each ID can only be used once per page. They are represented by a hash (#) symbol, not a dot or a star.",
      "content_type": "MARKDOWN"
    }
  },
  {
    "question_id": "c467d9b3-2ad0-4357-8110-d434c57ec48c",
    "question_key": "CQ002_v4",
    "skills": [],
    "toughness": "EASY",
    "question_type": "MULTIPLE_CHOICE",
    "question": {
      "content": "Select the true statements regarding CSS ID selectors.",
      "content_type": "MARKDOWN",
      "tag_names": [
        "understanding_css_id_selector_usage",
        "CSS - Selectors",
        "UNDERSTAND",
        "CSS",
        "CQ002"
      ],
      "multimedia": []
    },
    "options": [
      {
        "content": "ID selectors are denoted by a hash (#) and ID values must be unique within an HTML document",
        "content_type": "MARKDOWN",
        "is_correct": true,
        "multimedia": []
      },
      {
        "content": "ID selectors are denoted by a dot (.) and ID values can be repeated within an HTML document",
        "content_type": "MARKDOWN",
        "is_correct": false,
        "multimedia": []
      },
      {
        "content": "ID selectors are denoted by a star (*) and ID values must be unique within an HTML document",
        "content_type": "MARKDOWN",
        "is_correct": false,
        "multimedia": []
      },
      {
        "content": "ID selectors are denoted by a hash (#) and ID values can be repeated within an HTML document",
        "content_type": "MARKDOWN",
        "is_correct": false,
        "multimedia": []
      }
    ],
    "explanation_for_answer": {
      "content": "ID selectors are correctly denoted by a hash (#) and must be unique within an HTML document. They cannot be repeated and are not denoted by a dot (.) or a star (*).",
      "content_type": "MARKDOWN"
    }
  },
  {
    "question_id": "934f92c0-79b1-438f-807b-f66fd309b29b",
    "question_key": "CQ002_v5",
    "skills": [],
    "toughness": "EASY",
    "question_type": "MULTIPLE_CHOICE",
    "question": {
      "content": "Which of the following options correctly describes the use of ID selectors in CSS?",
      "content_type": "MARKDOWN",
      "tag_names": [
        "understanding_css_id_selector_usage",
        "CSS - Selectors",
        "UNDERSTAND",
        "CSS",
        "CQ002"
      ],
      "multimedia": []
    },
    "options": [
      {
        "content": "ID selectors are used to style multiple elements with the same ID",
        "content_type": "MARKDOWN",
        "is_correct": false,
        "multimedia": []
      },
      {
        "content": "ID selectors are prefixed with a dot (.)",
        "content_type": "MARKDOWN",
        "is_correct": false,
        "multimedia": []
      },
      {
        "content": "ID selectors are prefixed with a hash (#)",
        "content_type": "MARKDOWN",
        "is_correct": true,
        "multimedia": []
      },
      {
        "content": "ID selectors are prefixed with a star (*)",
        "content_type": "MARKDOWN",
        "is_correct": false,
        "multimedia": []
      }
    ],
    "explanation_for_answer": {
      "content": "ID selectors are prefixed with a hash (#) and should be unique for each element in an HTML document. They are not prefixed with a dot (.), which is used for class selectors, nor a star (*), which is the universal selector in CSS.",
      "content_type": "MARKDOWN"
    }
  },
  {
    "question_id": "99ecca10-fea3-413b-92eb-0e0bd90ca773",
    "question_key": "CQ002_v7",
    "skills": [],
    "toughness": "EASY",
    "question_type": "MULTIPLE_CHOICE",
    "question": {
      "content": "In CSS, an ID selector is represented by a hash (#) symbol followed by the ID value, and each ID must be unique within an HTML document.",
      "content_type": "MARKDOWN",
      "tag_names": [
        "understanding_css_id_selector_usage",
        "CSS - Selectors",
        "UNDERSTAND",
        "CSS",
        "CQ002"
      ],
      "multimedia": []
    },
    "options": [
      {
        "content": "True",
        "content_type": "MARKDOWN",
        "is_correct": true,
        "multimedia": []
      },
      {
        "content": "False",
        "content_type": "MARKDOWN",
        "is_correct": false,
        "multimedia": []
      }
    ],
    "explanation_for_answer": {
      "content": "In CSS, an ID selector is used to select a single, unique element, and it is represented by a hash (#) symbol followed by the ID value. Each ID must be unique within the HTML document.",
      "content_type": "MARKDOWN"
    }
  },
  {
    "question_id": "1f05c296-9647-4b6d-a93f-a95704ff8abd",
    "question_key": "CQ002_v8",
    "skills": [],
    "toughness": "EASY",
    "question_type": "MULTIPLE_CHOICE",
    "question": {
      "content": "Analyze the code snippet and select the correct statement about ID attribute.",
      "content_type": "MARKDOWN",
      "tag_names": [
        "understanding_css_id_selector_usage",
        "CSS - Selectors",
        "UNDERSTAND",
        "CSS",
        "CQ002"
      ],
      "multimedia": []
    },
    "options": [
      {
        "content": "Multiple elements can share the same ID in an HTML document.",
        "content_type": "MARKDOWN",
        "is_correct": false,
        "multimedia": []
      },
      {
        "content": "ID selectors are denoted by a dot (.) followed by the ID name.",
        "content_type": "MARKDOWN",
        "is_correct": false,
        "multimedia": []
      },
      {
        "content": "ID value should be unique within an HTML document.",
        "content_type": "MARKDOWN",
        "is_correct": true,
        "multimedia": []
      },
      {
        "content": "ID selectors are denoted by a dot (*) followed by the ID name.",
        "content_type": "MARKDOWN",
        "is_correct": false,
        "multimedia": []
      }
    ],
    "explanation_for_answer": {
      "content": "ID selectors are used to select a single, unique element within an HTML document, and they are denoted by a hash (#) symbol followed by the ID value.",
      "content_type": "MARKDOWN"
    }
  },
  {
    "question_id": "eaf80d73-761e-45fe-a3a2-72b02c2be593",
    "question_key": "CQ002_v10",
    "skills": [],
    "toughness": "EASY",
    "question_type": "MULTIPLE_CHOICE",
    "question": {
      "content": "which of the following is a correct usage of ID attribute?",
      "content_type": "MARKDOWN",
      "tag_names": [
        "understanding_css_id_selector_usage",
        "CSS - Selectors",
        "UNDERSTAND",
        "CSS",
        "CQ002"
      ],
      "multimedia": []
    },
    "options": [
      {
        "content": "ID values can be used to style multiple elements with the same ID.",
        "content_type": "MARKDOWN",
        "is_correct": false,
        "multimedia": []
      },
      {
        "content": "ID selectors are denoted by a hash (#) symbol and should be unique within an HTML document.",
        "content_type": "MARKDOWN",
        "is_correct": true,
        "multimedia": []
      },
      {
        "content": "ID selectors are denoted by a dot (.) symbol and can be repeated.",
        "content_type": "MARKDOWN",
        "is_correct": false,
        "multimedia": []
      },
      {
        "content": "ID selectors are denoted by an asterisk (*) symbol and are used to select all elements.",
        "content_type": "MARKDOWN",
        "is_correct": false,
        "multimedia": []
      }
    ],
    "explanation_for_answer": {
      "content": "ID selectors are denoted by a hash (#) symbol and are used to apply styles to a single, unique element within an HTML document.",
      "content_type": "MARKDOWN"
    }
  },
  {
    "question_id": "ee25e2b9-de22-437b-967a-2834d473a05b",
    "question_key": "CQ003_v2",
    "skills": [],
    "toughness": "EASY",
    "question_type": "MULTIPLE_CHOICE",
    "question": {
      "content": "Select the correct CSS selector for an element with the class name `highlight`.",
      "content_type": "MARKDOWN",
      "tag_names": [
        "CQ003",
        "APPLY",
        "CSS - Selectors",
        "applying_combined_css_selectors",
        "CSS"
      ],
      "multimedia": []
    },
    "options": [
      {
        "content": "`highlight`",
        "content_type": "MARKDOWN",
        "is_correct": false,
        "multimedia": []
      },
      {
        "content": "`#highlight`",
        "content_type": "MARKDOWN",
        "is_correct": false,
        "multimedia": []
      },
      {
        "content": "`*.highlight`",
        "content_type": "MARKDOWN",
        "is_correct": false,
        "multimedia": []
      },
      {
        "content": "`.highlight`",
        "content_type": "MARKDOWN",
        "is_correct": true,
        "multimedia": []
      }
    ],
    "explanation_for_answer": {
      "content": "The correct CSS selector for an element with the class name `highlight` is `.highlight`. The '.' indicates that it is a class selector. The other options are incorrect because they either lack the class selector syntax, use an ID selector syntax, or use an unnecessary universal selector with a class.",
      "content_type": "MARKDOWN"
    }
  },
  {
    "question_id": "c94be0a4-bcc4-40ec-9d90-7e8bdcc7c65d",
    "question_key": "CQ003_v3",
    "skills": [],
    "toughness": "EASY",
    "question_type": "MULTIPLE_CHOICE",
    "question": {
      "content": "The CSS selector `.highlight` can be used to select all elements with the class `highlight`.",
      "content_type": "MARKDOWN",
      "tag_names": [
        "CQ003",
        "APPLY",
        "CSS - Selectors",
        "applying_combined_css_selectors",
        "CSS"
      ],
      "multimedia": []
    },
    "options": [
      {
        "content": "True",
        "content_type": "MARKDOWN",
        "is_correct": true,
        "multimedia": []
      },
      {
        "content": "False",
        "content_type": "MARKDOWN",
        "is_correct": false,
        "multimedia": []
      }
    ],
    "explanation_for_answer": {
      "content": "True, the CSS selector `.highlight` is used to select all elements with the class `highlight`, regardless of their type.",
      "content_type": "MARKDOWN"
    }
  },
  {
    "question_id": "a30f25af-50b8-4475-b3bb-459ad8eac1f1",
    "question_key": "CQ003_v4",
    "skills": [],
    "toughness": "EASY",
    "question_type": "MULTIPLE_CHOICE",
    "question": {
      "content": "What symbol is used to select elements by their class attribute in CSS?",
      "content_type": "MARKDOWN",
      "tag_names": [
        "CQ003",
        "APPLY",
        "CSS - Selectors",
        "applying_combined_css_selectors",
        "CSS"
      ],
      "multimedia": []
    },
    "options": [
      {
        "content": "`#`",
        "content_type": "MARKDOWN",
        "is_correct": false,
        "multimedia": []
      },
      {
        "content": "`.`",
        "content_type": "MARKDOWN",
        "is_correct": true,
        "multimedia": []
      },
      {
        "content": "`*`",
        "content_type": "MARKDOWN",
        "is_correct": false,
        "multimedia": []
      },
      {
        "content": "None of the given options",
        "content_type": "MARKDOWN",
        "is_correct": false,
        "multimedia": []
      }
    ],
    "explanation_for_answer": {
      "content": "The '.' prefix is used in CSS to select elements with a specific class attribute. The '#' prefix is for ID selectors, '*' is the universal selector, and 'None of the given options' is not applicable here.",
      "content_type": "MARKDOWN"
    }
  },
  {
    "question_id": "2ed41cf4-cbd9-470f-aec4-1469295ee2a9",
    "question_key": "CQ003_v6",
    "skills": [],
    "toughness": "EASY",
    "question_type": "MULTIPLE_CHOICE",
    "question": {
      "content": "If you want to style a paragraph element with the class `highlight` to have blue text, which CSS rule should you use?",
      "content_type": "MARKDOWN",
      "tag_names": [
        "CQ003",
        "APPLY",
        "CSS - Selectors",
        "applying_combined_css_selectors",
        "CSS"
      ],
      "multimedia": []
    },
    "options": [
      {
        "content": "```css\n*highlight { \n  color: blue; \n}\n```",
        "content_type": "MARKDOWN",
        "is_correct": false,
        "multimedia": []
      },
      {
        "content": "```css\nhighlight { \n  color: blue; \n}\n```",
        "content_type": "MARKDOWN",
        "is_correct": false,
        "multimedia": []
      },
      {
        "content": "```css\n.highlight {\n   color: blue; \n}\n```",
        "content_type": "MARKDOWN",
        "is_correct": true,
        "multimedia": []
      },
      {
        "content": "```css\n#highlight { \n  color: blue; \n}\n```",
        "content_type": "MARKDOWN",
        "is_correct": false,
        "multimedia": []
      }
    ],
    "explanation_for_answer": {
      "content": "",
      "content_type": "MARKDOWN"
    }
  },
  {
    "question_id": "dc39cce4-64fa-4db6-a25f-f91e19f83091",
    "question_key": "CQ004",
    "skills": [],
    "toughness": "EASY",
    "question_type": "MULTIPLE_CHOICE",
    "question": {
      "content": "What is the purpose of a CSS type selector?",
      "content_type": "MARKDOWN",
      "tag_names": [
        "understanding_css_type_selectors",
        "CQ004",
        "UNDERSTANDING",
        "CSS - Selectors",
        "CSS"
      ],
      "multimedia": []
    },
    "options": [
      {
        "content": "To select elements based on their class attribute",
        "content_type": "MARKDOWN",
        "is_correct": false,
        "multimedia": []
      },
      {
        "content": "To select elements based on their ID attribute",
        "content_type": "MARKDOWN",
        "is_correct": false,
        "multimedia": []
      },
      {
        "content": "To select elements based on their tag name",
        "content_type": "MARKDOWN",
        "is_correct": true,
        "multimedia": []
      },
      {
        "content": "None of the given options",
        "content_type": "MARKDOWN",
        "is_correct": false,
        "multimedia": []
      }
    ],
    "explanation_for_answer": {
      "content": "",
      "content_type": "MARKDOWN"
    }
  },
  {
    "question_id": "0814b295-79eb-417f-a015-2224f92e6389",
    "question_key": "CQ004_v1",
    "skills": [],
    "toughness": "EASY",
    "question_type": "MULTIPLE_CHOICE",
    "question": {
      "content": "Which CSS selector is used to target HTML elements by their tag name?",
      "content_type": "MARKDOWN",
      "tag_names": [
        "understanding_css_type_selectors",
        "CQ004",
        "CSS - Selectors",
        "UNDERSTAND",
        "CSS"
      ],
      "multimedia": []
    },
    "options": [
      {
        "content": "Class selector",
        "content_type": "MARKDOWN",
        "is_correct": false,
        "multimedia": []
      },
      {
        "content": "ID selector",
        "content_type": "MARKDOWN",
        "is_correct": false,
        "multimedia": []
      },
      {
        "content": "Type selector",
        "content_type": "MARKDOWN",
        "is_correct": true,
        "multimedia": []
      },
      {
        "content": "All the given options",
        "content_type": "MARKDOWN",
        "is_correct": false,
        "multimedia": []
      }
    ],
    "explanation_for_answer": {
      "content": "The type selector is used to select HTML elements by their tag name. Class selectors target elements with a specific class, ID selectors target elements with a specific ID, and descendant selectors target elements that are descendants of a specified element.",
      "content_type": "MARKDOWN"
    }
  },
  {
    "question_id": "2f258a35-8128-4c0a-be0e-5952be1973d3",
    "question_key": "CQ004_v2",
    "skills": [],
    "toughness": "EASY",
    "question_type": "MULTIPLE_CHOICE",
    "question": {
      "content": "Select the correct statement about the CSS type(tag) selector.",
      "content_type": "MARKDOWN",
      "tag_names": [
        "understanding_css_type_selectors",
        "CQ004",
        "CSS - Selectors",
        "UNDERSTAND",
        "CSS"
      ],
      "multimedia": []
    },
    "options": [
      {
        "content": "It selects elements based on their class attribute.",
        "content_type": "MARKDOWN",
        "is_correct": false,
        "multimedia": []
      },
      {
        "content": "It selects elements based on their ID attribute.",
        "content_type": "MARKDOWN",
        "is_correct": false,
        "multimedia": []
      },
      {
        "content": "It selects elements based on their tag name.",
        "content_type": "MARKDOWN",
        "is_correct": true,
        "multimedia": []
      },
      {
        "content": "All the given options",
        "content_type": "MARKDOWN",
        "is_correct": false,
        "multimedia": []
      }
    ],
    "explanation_for_answer": {
      "content": "The CSS type selector selects elements based on their tag name, not their class, ID, or position in the DOM.",
      "content_type": "MARKDOWN"
    }
  },
  {
    "question_id": "229daaf0-5701-47f7-8862-995e176ae752",
    "question_key": "CQ004_v3",
    "skills": [],
    "toughness": "EASY",
    "question_type": "MULTIPLE_CHOICE",
    "question": {
      "content": "What does a CSS type selector target in an HTML document?",
      "content_type": "MARKDOWN",
      "tag_names": [
        "understanding_css_type_selectors",
        "CQ004",
        "CSS - Selectors",
        "UNDERSTAND",
        "CSS"
      ],
      "multimedia": []
    },
    "options": [
      {
        "content": "Elements with a specific class attribute value.",
        "content_type": "MARKDOWN",
        "is_correct": false,
        "multimedia": []
      },
      {
        "content": "Elements with a specific ID attribute value.",
        "content_type": "MARKDOWN",
        "is_correct": false,
        "multimedia": []
      },
      {
        "content": "Elements with a specific tag name.",
        "content_type": "MARKDOWN",
        "is_correct": true,
        "multimedia": []
      },
      {
        "content": "All the given options",
        "content_type": "MARKDOWN",
        "is_correct": false,
        "multimedia": []
      }
    ],
    "explanation_for_answer": {
      "content": "A CSS type selector targets all elements of a specific tag within an HTML document. It does not target elements based on class, ID, or their position within a parent element.",
      "content_type": "MARKDOWN"
    }
  },
  {
    "question_id": "3d73a233-ba2f-43e9-87c1-1ce91da0388b",
    "question_key": "CQ004_v4",
    "skills": [],
    "toughness": "EASY",
    "question_type": "MULTIPLE_CHOICE",
    "question": {
      "content": "In CSS, what is the function of the type selector?",
      "content_type": "MARKDOWN",
      "tag_names": [
        "understanding_css_type_selectors",
        "CQ004",
        "CSS - Selectors",
        "UNDERSTAND",
        "CSS"
      ],
      "multimedia": []
    },
    "options": [
      {
        "content": "To style a specific element with a unique ID.",
        "content_type": "MARKDOWN",
        "is_correct": false,
        "multimedia": []
      },
      {
        "content": "To style all elements that share the same class.",
        "content_type": "MARKDOWN",
        "is_correct": false,
        "multimedia": []
      },
      {
        "content": "To style all elements of a particular tag.",
        "content_type": "MARKDOWN",
        "is_correct": true,
        "multimedia": []
      },
      {
        "content": "None of the given options",
        "content_type": "MARKDOWN",
        "is_correct": false,
        "multimedia": []
      }
    ],
    "explanation_for_answer": {
      "content": "The function of the CSS type selector is to style all elements of a particular tag. It does not target elements based on ID, class, or other attributes.",
      "content_type": "MARKDOWN"
    }
  },
  {
    "question_id": "fb5906b8-114b-4aac-a944-18d0e7cd56ed",
    "question_key": "CQ004_v5",
    "skills": [],
    "toughness": "EASY",
    "question_type": "MULTIPLE_CHOICE",
    "question": {
      "content": "Which of the following is true regarding the CSS type selector?",
      "content_type": "MARKDOWN",
      "tag_names": [
        "understanding_css_type_selectors",
        "CQ004",
        "CSS - Selectors",
        "UNDERSTAND",
        "CSS"
      ],
      "multimedia": []
    },
    "options": [
      {
        "content": "It is used to select elements with a specific class.",
        "content_type": "MARKDOWN",
        "is_correct": false,
        "multimedia": []
      },
      {
        "content": "It is used to select elements with a specific ID.",
        "content_type": "MARKDOWN",
        "is_correct": false,
        "multimedia": []
      },
      {
        "content": "It is used to select all elements of a specific tag.",
        "content_type": "MARKDOWN",
        "is_correct": true,
        "multimedia": []
      },
      {
        "content": "None of the given options",
        "content_type": "MARKDOWN",
        "is_correct": false,
        "multimedia": []
      }
    ],
    "explanation_for_answer": {
      "content": "The CSS type selector is used to select all elements of a specific tag within an HTML document. It does not target elements based on class, ID, or parent-child relationships.",
      "content_type": "MARKDOWN"
    }
  },
  {
    "question_id": "95e54383-eebf-423c-881a-64a9ae749fb7",
    "question_key": "CQ005",
    "skills": [],
    "toughness": "EASY",
    "question_type": "MULTIPLE_CHOICE",
    "question": {
      "content": "In CSS, what is the main difference between class selectors and ID selectors?",
      "content_type": "MARKDOWN",
      "tag_names": [
        "understanding_class_and_id_selectors",
        "CSS - Selectors",
        "CQ005",
        "UNDERSTAND",
        "CSS"
      ],
      "multimedia": []
    },
    "options": [
      {
        "content": "Class selectors use a dot (.) while ID selectors use a hash (#)",
        "content_type": "MARKDOWN",
        "is_correct": false,
        "multimedia": []
      },
      {
        "content": "Class values can be used multiple times in a document, while ID values should be unique",
        "content_type": "MARKDOWN",
        "is_correct": false,
        "multimedia": []
      },
      {
        "content": "Both the given options",
        "content_type": "MARKDOWN",
        "is_correct": true,
        "multimedia": []
      }
    ],
    "explanation_for_answer": {
      "content": "",
      "content_type": "MARKDOWN"
    }
  },
  {
    "question_id": "1384e006-bfd4-4871-8318-d49aa196fdb2",
    "question_key": "CQ005_v1",
    "skills": [],
    "toughness": "EASY",
    "question_type": "MULTIPLE_CHOICE",
    "question": {
      "content": "In CSS, a class selector is identified by a dot (`.`) prefix and can be applied to multiple elements within the same HTML document.",
      "content_type": "MARKDOWN",
      "tag_names": [
        "understanding_class_and_id_selectors",
        "CSS - Selectors",
        "CQ005",
        "UNDERSTAND",
        "CSS"
      ],
      "multimedia": []
    },
    "options": [
      {
        "content": "True",
        "content_type": "MARKDOWN",
        "is_correct": true,
        "multimedia": []
      },
      {
        "content": "False",
        "content_type": "MARKDOWN",
        "is_correct": false,
        "multimedia": []
      }
    ],
    "explanation_for_answer": {
      "content": "In CSS, class selectors are indeed identified by a dot (`.`) prefix and are designed to be reusable, allowing the same styles to be applied to multiple elements within the same HTML document.",
      "content_type": "MARKDOWN"
    }
  },
  {
    "question_id": "6cc22f57-6b34-49fb-9780-1c98927469f7",
    "question_key": "CQ005_v2",
    "skills": [],
    "toughness": "EASY",
    "question_type": "MORE_THAN_ONE_MULTIPLE_CHOICE",
    "question": {
      "content": "Select the correct statement(s) regarding CSS selectors.",
      "content_type": "MARKDOWN",
      "tag_names": [
        "understanding_class_and_id_selectors",
        "CSS - Selectors",
        "CQ005",
        "UNDERSTAND",
        "CSS"
      ],
      "multimedia": []
    },
    "options": [
      {
        "content": "An `ID selector` is prefixed with a dot (.) and can be used multiple times within a document.",
        "content_type": "MARKDOWN",
        "is_correct": false,
        "multimedia": []
      },
      {
        "content": "A `class selector` is prefixed with a hash (#) and should be unique within a document.",
        "content_type": "MARKDOWN",
        "is_correct": false,
        "multimedia": []
      },
      {
        "content": "A `class selector` is prefixed with a dot (.) and can be used multiple times within a document.",
        "content_type": "MARKDOWN",
        "is_correct": true,
        "multimedia": []
      },
      {
        "content": "An `ID selector` is prefixed with a hash (#) and should be unique within a document.",
        "content_type": "MARKDOWN",
        "is_correct": true,
        "multimedia": []
      }
    ],
    "explanation_for_answer": {
      "content": "A class selector in CSS is prefixed with a dot (`.`) and can be used multiple times within the same HTML document to apply the same styles to multiple elements. An ID selector is prefixed with a hash (#) and should be unique within a document, meaning each ID should only be used once.",
      "content_type": "MARKDOWN"
    }
  },
  {
    "question_id": "0d3c61e7-5dd0-44bb-a195-52bd1dbfbf16",
    "question_key": "CQ005_v3",
    "skills": [],
    "toughness": "EASY",
    "question_type": "MORE_THAN_ONE_MULTIPLE_CHOICE",
    "question": {
      "content": "Which of the following are true regarding CSS selectors?",
      "content_type": "MARKDOWN",
      "tag_names": [
        "understanding_class_and_id_selectors",
        "CSS - Selectors",
        "CQ005",
        "UNDERSTAND",
        "CSS"
      ],
      "multimedia": []
    },
    "options": [
      {
        "content": "ID selectors are prefixed with a dot (.) and can be reused within a document.",
        "content_type": "MARKDOWN",
        "is_correct": false,
        "multimedia": []
      },
      {
        "content": "Class selectors are prefixed with a hash (#) and must be unique within a document.",
        "content_type": "MARKDOWN",
        "is_correct": false,
        "multimedia": []
      },
      {
        "content": "Class selectors are prefixed with a dot (.) and can be reused within a document.",
        "content_type": "MARKDOWN",
        "is_correct": true,
        "multimedia": []
      },
      {
        "content": "ID selectors are prefixed with a hash (#) and must be unique within a document.",
        "content_type": "MARKDOWN",
        "is_correct": true,
        "multimedia": []
      }
    ],
    "explanation_for_answer": {
      "content": "Class selectors in CSS are prefixed with a dot (.) and are designed to be reusable, allowing the same styles to be applied to multiple elements within the same HTML document. ID selectors are prefixed with a hash (#) and must be unique within a document, meaning each ID should only be used once.",
      "content_type": "MARKDOWN"
    }
  },
  {
    "question_id": "f9afaa5b-ffe5-403e-809b-1fb5f381f676",
    "question_key": "CQ005_v4",
    "skills": [],
    "toughness": "EASY",
    "question_type": "MULTIPLE_CHOICE",
    "question": {
      "content": "In CSS, the selector that is used to style elements with a specific class name is called a \\_\\_\\_\\_\\_\\_\\_\\_\\_, and it is prefixed with a \\_\\_\\_\\_\\_\\_\\_\\_\\_.",
      "content_type": "MARKDOWN",
      "tag_names": [
        "understanding_class_and_id_selectors",
        "CSS - Selectors",
        "CQ005",
        "UNDERSTAND",
        "CSS"
      ],
      "multimedia": []
    },
    "options": [
      {
        "content": "class selector, dot (.)",
        "content_type": "MARKDOWN",
        "is_correct": true,
        "multimedia": []
      },
      {
        "content": "ID selector, hash (#)",
        "content_type": "MARKDOWN",
        "is_correct": false,
        "multimedia": []
      },
      {
        "content": "class selector, hash (#)",
        "content_type": "MARKDOWN",
        "is_correct": false,
        "multimedia": []
      },
      {
        "content": "ID selector, dot (.)",
        "content_type": "MARKDOWN",
        "is_correct": false,
        "multimedia": []
      }
    ],
    "explanation_for_answer": {
      "content": "A class selector in CSS is used to style elements with a specific class name and is prefixed with a dot (.). This allows the same styles to be applied to multiple elements within the same HTML document.",
      "content_type": "MARKDOWN"
    }
  }
]