[
    {
        "input_output": [
            {
                "input": [
                    {
                        "input": "1 2 3 4",
                        "is_hidden": false,
                        "score": 1,
                        "output": "2 4 6 8",
                        "t_id": 1
                    },
                    {
                        "input": "5 10 15",
                        "is_hidden": false,
                        "score": 1,
                        "output": "10 20 30",
                        "t_id": 2
                    },
                    {
                        "input": "0 1 2 3",
                        "is_hidden": true,
                        "score": 3,
                        "output": "0 2 4 6",
                        "t_id": 3
                    },
                    {
                        "input": "6 7 8",
                        "is_hidden": true,
                        "score": 4,
                        "output": "12 14 16",
                        "t_id": 4
                    },
                    {
                        "input": "10 20",
                        "is_hidden": true,
                        "score": 3,
                        "output": "20 40",
                        "t_id": 5
                    },
                    {
                        "input": "4 5 6",
                        "is_hidden": true,
                        "score": 3,
                        "output": "8 10 12",
                        "t_id": 6
                    }
                ],
                "average_time_spent": 0.0,
                "order_no": 100
            }
        ],
        "question_text": "\nWrite a program that reads a spaces separated integers and multiplies each number by two and prints the results, the program should then print the result separated by spaces.\n\n---\n\n#### Input\nThe input contains a single line of integers separated by spaces.\n\n---\n\n#### Output\nThe output should contain a single line of integers that have been multiplied by two, separated by spaces.\n\n---\n\n#### Explanation\n\nThe program takes a single line of integers separated by spaces, multiplies each integer by two, and then outputs the resulting integers separated by space.\n\nFor example, if the input is:\n\n```\n1 2 3 4\n```\n\nThen the output should be:\n\n```\n2 4 6 8\n```",
        "short_text": "Double Integers",
        "question_type": "CODING",
        "question_key": "python_4637",
        "skills": [],
        "question_format": "CODING_PRACTICE",
        "content_type": "MARKDOWN",
        "difficulty": "",
        "remarks": "",
        "scores_updated": true,
        "scores_computed": 15,
        "question_asked_by_companies_info": [],
        "test_case_evaluation_metrics": [
            {
                "language": "PYTHON",
                "time_limit_to_execute_in_seconds": 10.0
            }
        ],
        "solutions": [
            {
                "order": 1,
                "title": {
                    "content": "Code",
                    "content_type": "TEXT"
                },
                "description": {
                    "content": "",
                    "content_type": ""
                },
                "code_details": [
                    {
                        "code_content": "def multiply_by_two(numbers):\n    return [num * 2 for num in numbers]\n\ninput_line = input().split()\nnumbers = [int(x) for x in input_line]\ndoubled_numbers = multiply_by_two(numbers)\n\nprint(\" \".join([str(num) for num in doubled_numbers]))\n",
                        "language": "PYTHON",
                        "default_code": true
                    }
                ],
                "complexity_analysis": {
                    "content": "",
                    "content_type": ""
                }
            }
        ],
        "hints": [],
        "code_metadata": [
            {
                "is_editable": true,
                "language": "PYTHON",
                "code_data": "",
                "default_code": true,
                "base64_encoded": false
            }
        ],
        "cpp_python_time_factor": 0,
        "question_id": "1b1611cc-358a-4a8a-8702-aed8f9162d92",
        "order_no": 100,
        "tag_names": [
            "Introduction_to_list_comprehensions_01_Easy_1"
        ]
    },
    {
        "input_output": [
            {
                "input": [
                    {
                        "input": "1 2 3",
                        "is_hidden": false,
                        "score": 1,
                        "output": "3 6 9",
                        "t_id": 1
                    },
                    {
                        "input": "4 5 6",
                        "is_hidden": false,
                        "score": 1,
                        "output": "12 15 18",
                        "t_id": 2
                    },
                    {
                        "input": "0 1 2",
                        "is_hidden": true,
                        "score": 3,
                        "output": "0 3 6",
                        "t_id": 3
                    },
                    {
                        "input": "7 8 9",
                        "is_hidden": true,
                        "score": 4,
                        "output": "21 24 27",
                        "t_id": 4
                    },
                    {
                        "input": "10 11",
                        "is_hidden": true,
                        "score": 3,
                        "output": "30 33",
                        "t_id": 5
                    },
                    {
                        "input": "12 13 14",
                        "is_hidden": true,
                        "score": 3,
                        "output": "36 39 42",
                        "t_id": 6
                    }
                ],
                "average_time_spent": 0.0,
                "order_no": 100
            }
        ],
        "question_text": "\nWrite a program that reads a line of space-separated integers, multiplies each integer by 3, and then prints the results as a space-separated integers.\n\n\n---\n\n#### Input\nThe input will contain a single line of integers separated by spaces.\n\n---\n\n#### Output\nThe output will contain a single line of integers multiplied by 3, separated by spaces.\n\n\n---\n\n#### Explanation\n\nThe program takes a single line of integers separated by spaces, multiplies each integer by three, and then prints the resulting integers separated by space.\n\n\nIf the input is:\n\n```\n1 2 3\n```\n\nThe output should be:\n\n```\n3 6 9\n```",
        "short_text": "Triple Value",
        "question_type": "CODING",
        "question_key": "python_4638",
        "skills": [],
        "question_format": "CODING_PRACTICE",
        "content_type": "MARKDOWN",
        "difficulty": "",
        "remarks": "",
        "scores_updated": true,
        "scores_computed": 15,
        "question_asked_by_companies_info": [],
        "test_case_evaluation_metrics": [
            {
                "language": "PYTHON",
                "time_limit_to_execute_in_seconds": 10.0
            }
        ],
        "solutions": [
            {
                "order": 1,
                "title": {
                    "content": "Code",
                    "content_type": "TEXT"
                },
                "description": {
                    "content": "",
                    "content_type": ""
                },
                "code_details": [
                    {
                        "code_content": "def multiply_by_three(numbers):\n    return [num * 3 for num in numbers]\n\ninput_line = input().split()\nnumbers = [int(x) for x in input_line]\ntripled_numbers = multiply_by_three(numbers)\n\nprint(\" \".join([str(num) for num in tripled_numbers]))\n",
                        "language": "PYTHON",
                        "default_code": true
                    }
                ],
                "complexity_analysis": {
                    "content": "",
                    "content_type": ""
                }
            }
        ],
        "hints": [],
        "code_metadata": [
            {
                "is_editable": true,
                "language": "PYTHON",
                "code_data": "",
                "default_code": true,
                "base64_encoded": false
            }
        ],
        "cpp_python_time_factor": 0,
        "question_id": "98b60090-ef02-4b63-89cb-be94d2936c02",
        "order_no": 100,
        "tag_names": [
            "Introduction_to_list_comprehensions_01_Easy_1"
        ]
    },
    {
        "input_output": [
            {
                "input": [
                    {
                        "input": "1 2 3 4",
                        "is_hidden": false,
                        "score": 1,
                        "output": "2, 4, 6, 8,",
                        "t_id": 1
                    },
                    {
                        "input": "5 10 15",
                        "is_hidden": false,
                        "score": 1,
                        "output": "10, 20, 30,",
                        "t_id": 2
                    },
                    {
                        "input": "0 1 2 3",
                        "is_hidden": true,
                        "score": 3,
                        "output": "0, 2, 4, 6,",
                        "t_id": 3
                    },
                    {
                        "input": "6 7 8",
                        "is_hidden": true,
                        "score": 4,
                        "output": "12, 14, 16,",
                        "t_id": 4
                    },
                    {
                        "input": "10 20",
                        "is_hidden": true,
                        "score": 3,
                        "output": "20, 40,",
                        "t_id": 5
                    },
                    {
                        "input": "4 5 6",
                        "is_hidden": true,
                        "score": 3,
                        "output": "8, 10, 12,",
                        "t_id": 6
                    }
                ],
                "average_time_spent": 0.0,
                "order_no": 100
            }
        ],
        "question_text": "\nWrite a program that takes a space-separated integers and doubles the value of each integer. The program should print the resultant integers followed by a comma and a space.\n\n---\n\n#### Input\nThe input contains a single line of integers separated by spaces.\n\n\n---\n\n#### Output\n\nThe output should contain a single line of resultant integers, each followed by a comma and a space.\n\n\n---\n\n#### Explanation\n\nThe program takes a line of space-separated integers, double the value, and prints the result, separated by spaces.\n\n\nIf the input is:\n\n```\n1 2 3 4\n```\n\nThe output should be:\n\n```\n2, 4, 6, 8, \n```",
        "short_text": "Double Value-1",
        "question_type": "CODING",
        "question_key": "python_4639",
        "skills": [],
        "question_format": "CODING_PRACTICE",
        "content_type": "MARKDOWN",
        "difficulty": "",
        "remarks": "",
        "scores_updated": true,
        "scores_computed": 15,
        "question_asked_by_companies_info": [],
        "test_case_evaluation_metrics": [
            {
                "language": "PYTHON",
                "time_limit_to_execute_in_seconds": 10.0
            }
        ],
        "solutions": [
            {
                "order": 1,
                "title": {
                    "content": "Code",
                    "content_type": "TEXT"
                },
                "description": {
                    "content": "",
                    "content_type": ""
                },
                "code_details": [
                    {
                        "code_content": "def double_numbers(numbers):\n    return [num * 2 for num in numbers]\n\ninput_line = input().split()\nnumbers = [int(x) for x in input_line]\ndoubled_numbers = double_numbers(numbers)\n\noutput=\"\"\nfor i in range(len(doubled_numbers)):\n    output+=str(doubled_numbers[i]) + \", \"\n\nprint(output)\n",
                        "language": "PYTHON",
                        "default_code": true
                    }
                ],
                "complexity_analysis": {
                    "content": "",
                    "content_type": ""
                }
            }
        ],
        "hints": [],
        "code_metadata": [
            {
                "is_editable": true,
                "language": "PYTHON",
                "code_data": "",
                "default_code": true,
                "base64_encoded": false
            }
        ],
        "cpp_python_time_factor": 0,
        "question_id": "a167d3a6-9f6b-4c3f-bd1c-8c7c8c28093f",
        "order_no": 100,
        "tag_names": [
            "Introduction_to_list_comprehensions_01_Easy_1"
        ]
    },
    {
        "input_output": [
            {
                "input": [
                    {
                        "input": "1 2 3",
                        "is_hidden": false,
                        "score": 1,
                        "output": "3 6 9",
                        "t_id": 1
                    },
                    {
                        "input": "4 5 6",
                        "is_hidden": false,
                        "score": 1,
                        "output": "12 15 18",
                        "t_id": 2
                    },
                    {
                        "input": "0 1 2",
                        "is_hidden": true,
                        "score": 3,
                        "output": "0 3 6",
                        "t_id": 3
                    },
                    {
                        "input": "7 8 9",
                        "is_hidden": true,
                        "score": 4,
                        "output": "21 24 27",
                        "t_id": 4
                    },
                    {
                        "input": "10 11",
                        "is_hidden": true,
                        "score": 3,
                        "output": "30 33",
                        "t_id": 5
                    },
                    {
                        "input": "12 13 14",
                        "is_hidden": true,
                        "score": 3,
                        "output": "36 39 42",
                        "t_id": 6
                    }
                ],
                "average_time_spent": 0.0,
                "order_no": 100
            }
        ],
        "question_text": "\nThe given program should read space-separated integers and output each integer mutipled by 3 as the result seperated by space. \n\n\nHowever, there may be one or more bugs in the prefilled code provided that need to be resolved. Your task is to identify and fix the bug(s) to ensure the code works as expected.\n\n\n---\n\n#### Input\n\nThe input contains a single line of integers separated by spaces.\n\n---\n\n#### Output\n\nThe output should contain a single line of integers that have been multiplied by three, separated by spaces.\n\n\n---\n\n#### Explanation\n\nThe task is to multiply each integer in the input by 3.\n\nFor example, if the input is:\n\n```\n1 2 3\n```\n\nThe output should be:\n\n```\n3 6 9\n```",
        "short_text": "Double Value-2",
        "question_type": "CODING",
        "question_key": "python_4640",
        "skills": [],
        "question_format": "CODING_PRACTICE",
        "content_type": "MARKDOWN",
        "difficulty": "",
        "remarks": "",
        "scores_updated": true,
        "scores_computed": 15,
        "question_asked_by_companies_info": [],
        "test_case_evaluation_metrics": [
            {
                "language": "PYTHON",
                "time_limit_to_execute_in_seconds": 10.0
            }
        ],
        "solutions": [
            {
                "order": 1,
                "title": {
                    "content": "Code",
                    "content_type": "TEXT"
                },
                "description": {
                    "content": "",
                    "content_type": ""
                },
                "code_details": [
                    {
                        "code_content": "def triple_numbers(numbers):\n    return [num * 3 for num in numbers]\n\ninput_line = input().split()\nnumbers = [int(x) for x in input_line]\ntripled_numbers = triple_numbers(numbers)\n\nfor i in range(len(tripled_numbers)):\n    if i < len(tripled_numbers) - 1:\n        print(tripled_numbers[i], end=\" \")\n    else:\n        print(tripled_numbers[i])",
                        "language": "PYTHON",
                        "default_code": true
                    }
                ],
                "complexity_analysis": {
                    "content": "",
                    "content_type": ""
                }
            }
        ],
        "hints": [],
        "code_metadata": [
            {
                "is_editable": true,
                "language": "PYTHON",
                "code_data": "def triple_numbers(numbers):\n    return [numbers * 2 for numbers in numbers] \n\ninput_line = input().split()\nnumbers = [x for x in input_line]\ntripled_numbers = triple_numbers(input_line)\n\nfor i in range(len(tripled_numbers)):\n    if i < len(tripled_numbers) - 1:\n        print(tripled_numbers[i], end=\" \")\n    else:\n        print(tripled_numbers[i])",
                "default_code": true,
                "base64_encoded": false
            }
        ],
        "cpp_python_time_factor": 0,
        "question_id": "1cbd21e8-01ff-41dd-9043-74d66bd950c7",
        "order_no": 100,
        "tag_names": [
            "Introduction_to_list_comprehensions_01_Easy_1"
        ]
    },
    {
        "input_output": [
            {
                "input": [
                    {
                        "input": "1 2 3 4",
                        "is_hidden": false,
                        "score": 1,
                        "output": "Odd Even Odd Even",
                        "t_id": 1
                    },
                    {
                        "input": "10 15 20",
                        "is_hidden": false,
                        "score": 1,
                        "output": "Even Odd Even",
                        "t_id": 2
                    },
                    {
                        "input": "5 8 13",
                        "is_hidden": true,
                        "score": 3,
                        "output": "Odd Even Odd",
                        "t_id": 3
                    },
                    {
                        "input": "14 17 22",
                        "is_hidden": true,
                        "score": 4,
                        "output": "Even Odd Even",
                        "t_id": 4
                    },
                    {
                        "input": "3 6 9 12",
                        "is_hidden": true,
                        "score": 3,
                        "output": "Odd Even Odd Even",
                        "t_id": 5
                    },
                    {
                        "input": "4 5 6",
                        "is_hidden": true,
                        "score": 3,
                        "output": "Even Odd Even",
                        "t_id": 6
                    }
                ],
                "average_time_spent": 0.0,
                "order_no": 100
            }
        ],
        "question_text": "\nWrite a program that reads integers separated by spaces and prints if each integer is `Even` or `Odd`.\n\n---\n\n#### Input\n\nThe input contains a single line with integers separated by spaces.\n\n---\n\n#### Output\n\nThe output should be `Even` or `Odd` for each integer given in input seperated by space, indicating whether the integer is `even` or `odd`.\n\n---\n\n#### Explanation\n\nThe program takes a line of space-separated integers as input and outputs whether each integer is `Even` or `Odd`. Each integer in the input is followed by the word `Even` if it is even, or `Odd` if it is odd separated by space.\n\n\n\nFor example, if the input is:\n\n```\n1 2 3 4\n```\n\nThen the output should be:\n\n```\nOdd Even Odd Even\n```",
        "short_text": "Number Labeler",
        "question_type": "CODING",
        "question_key": "python_4641",
        "skills": [],
        "question_format": "CODING_PRACTICE",
        "content_type": "MARKDOWN",
        "difficulty": "",
        "remarks": "",
        "scores_updated": true,
        "scores_computed": 15,
        "question_asked_by_companies_info": [],
        "test_case_evaluation_metrics": [
            {
                "language": "PYTHON",
                "time_limit_to_execute_in_seconds": 10.0
            }
        ],
        "solutions": [
            {
                "order": 1,
                "title": {
                    "content": "Code",
                    "content_type": "TEXT"
                },
                "description": {
                    "content": "",
                    "content_type": ""
                },
                "code_details": [
                    {
                        "code_content": "def label_numbers_as_even_odd(numbers_list):\n    return [\"Even\" if num % 2 == 0 else \"Odd\" for num in numbers_list]\n\ninput_numbers = input().split()\nnumbers_list = [int(num) for num in input_numbers]\nlabeled_result = label_numbers_as_even_odd(numbers_list)\nprint(\" \".join(labeled_result))\n",
                        "language": "PYTHON",
                        "default_code": true
                    }
                ],
                "complexity_analysis": {
                    "content": "",
                    "content_type": ""
                }
            }
        ],
        "hints": [],
        "code_metadata": [
            {
                "is_editable": true,
                "language": "PYTHON",
                "code_data": "",
                "default_code": true,
                "base64_encoded": false
            }
        ],
        "cpp_python_time_factor": 0,
        "question_id": "3eeeeeb6-4143-480b-bd05-5715b83ff698",
        "order_no": 100,
        "tag_names": [
            "Introduction_to_list_comprehensions_01_Easy_1"
        ]
    },
    {
        "input_output": [
            {
                "input": [
                    {
                        "input": "1,2,3,4",
                        "is_hidden": false,
                        "score": 1,
                        "output": "Odd,Even,Odd,Even",
                        "t_id": 1
                    },
                    {
                        "input": "10,15,20",
                        "is_hidden": false,
                        "score": 1,
                        "output": "Even,Odd,Even",
                        "t_id": 2
                    },
                    {
                        "input": "5,8,13",
                        "is_hidden": true,
                        "score": 3,
                        "output": "Odd,Even,Odd",
                        "t_id": 3
                    },
                    {
                        "input": "14,17,22",
                        "is_hidden": true,
                        "score": 4,
                        "output": "Even,Odd,Even",
                        "t_id": 4
                    },
                    {
                        "input": "3,6,9,12",
                        "is_hidden": true,
                        "score": 3,
                        "output": "Odd,Even,Odd,Even",
                        "t_id": 5
                    },
                    {
                        "input": "4,5,6",
                        "is_hidden": true,
                        "score": 3,
                        "output": "Even,Odd,Even",
                        "t_id": 6
                    }
                ],
                "average_time_spent": 0.0,
                "order_no": 100
            }
        ],
        "question_text": "\nWrite a program that reads comma-separated integers and labels each integer as `Even` or `Odd`. The program should output each integer labeled accordingly, separated by commas.\n\n---\n\n#### Input\nThe input contains a single line of integers separated by commas.\n\n---\n\n#### Output\nThe output should be a single comma-separated sequence of `Even` or `Odd` corresponding to each integer.\n\n---\n\n#### Explanation\n\nThe program takes a comma-separated sequence of integers, checks if each number is even or odd, and outputs `Even` or `Odd` accordingly. \n\nIf the input is:\n\n```\n1,2,3,4\n```\n\nThe output should be:\n\n```\nOdd,Even,Odd,Even\n```",
        "short_text": "Number Labeling",
        "question_type": "CODING",
        "question_key": "python_4642",
        "skills": [],
        "question_format": "CODING_PRACTICE",
        "content_type": "MARKDOWN",
        "difficulty": "",
        "remarks": "",
        "scores_updated": true,
        "scores_computed": 15,
        "question_asked_by_companies_info": [],
        "test_case_evaluation_metrics": [
            {
                "language": "PYTHON",
                "time_limit_to_execute_in_seconds": 10.0
            }
        ],
        "solutions": [
            {
                "order": 1,
                "title": {
                    "content": "Code",
                    "content_type": "TEXT"
                },
                "description": {
                    "content": "",
                    "content_type": ""
                },
                "code_details": [
                    {
                        "code_content": "def label_numbers_as_even_odd(numbers_list):\n    return [\"Even\" if num % 2 == 0 else \"Odd\" for num in numbers_list]\n\ninput_numbers = input().split(\",\")\nnumbers_list = [int(num) for num in input_numbers]\nlabeled_result = label_numbers_as_even_odd(numbers_list)\nprint(\",\".join(labeled_result))\n",
                        "language": "PYTHON",
                        "default_code": true
                    }
                ],
                "complexity_analysis": {
                    "content": "",
                    "content_type": ""
                }
            }
        ],
        "hints": [],
        "code_metadata": [
            {
                "is_editable": true,
                "language": "PYTHON",
                "code_data": "# Write your code here",
                "default_code": true,
                "base64_encoded": false
            }
        ],
        "cpp_python_time_factor": 0,
        "question_id": "d2198f2f-d69e-470b-8e01-a75d28025fad",
        "order_no": 100,
        "tag_names": [
            "Introduction_to_list_comprehensions_01_Easy_1"
        ]
    },
    {
        "input_output": [
            {
                "input": [
                    {
                        "input": "1 2 3 4",
                        "is_hidden": false,
                        "score": 1,
                        "output": "1 Odd\n2 Even\n3 Odd\n4 Even",
                        "t_id": 1
                    },
                    {
                        "input": "10 15 20",
                        "is_hidden": false,
                        "score": 1,
                        "output": "10 Even\n15 Odd\n20 Even",
                        "t_id": 2
                    },
                    {
                        "input": "5 8 13",
                        "is_hidden": true,
                        "score": 3,
                        "output": "5 Odd\n8 Even\n13 Odd",
                        "t_id": 3
                    },
                    {
                        "input": "14 17 22",
                        "is_hidden": true,
                        "score": 4,
                        "output": "14 Even\n17 Odd\n22 Even",
                        "t_id": 4
                    },
                    {
                        "input": "3 6 9 12",
                        "is_hidden": true,
                        "score": 3,
                        "output": "3 Odd\n6 Even\n9 Odd\n12 Even",
                        "t_id": 5
                    },
                    {
                        "input": "4 5 6",
                        "is_hidden": true,
                        "score": 3,
                        "output": "4 Even\n5 Odd\n6 Even",
                        "t_id": 6
                    }
                ],
                "average_time_spent": 0.0,
                "order_no": 100
            }
        ],
        "question_text": "\nWrite a program that reads a line of space-separated integers and determines whether each number is `Even` or `Odd`. The program should print each number along with its label (`Even` or `Odd`) on a new line.\n\n\n---\n\n#### Input\nThe input contains a single line of numbers separated by spaces.\n\n---\n\n#### Output\nThe output should be:\n\n- Each number printed on a new line.\n- Each number followed by Even or Odd, depending on whether the number is even or odd.\n\n\n---\n\n#### Explanation\n\nFor example, if the input is:\n\n```\n1 2 3 4\n```\n\nThen the output should be:\n\n```\n1 Odd\n2 Even\n3 Odd\n4 Even\n```",
        "short_text": "Label Numbers",
        "question_type": "CODING",
        "question_key": "python_4643",
        "skills": [],
        "question_format": "CODING_PRACTICE",
        "content_type": "MARKDOWN",
        "difficulty": "",
        "remarks": "",
        "scores_updated": true,
        "scores_computed": 15,
        "question_asked_by_companies_info": [],
        "test_case_evaluation_metrics": [
            {
                "language": "PYTHON",
                "time_limit_to_execute_in_seconds": 10.0
            }
        ],
        "solutions": [
            {
                "order": 1,
                "title": {
                    "content": "Code",
                    "content_type": "TEXT"
                },
                "description": {
                    "content": "",
                    "content_type": ""
                },
                "code_details": [
                    {
                        "code_content": "def label_even_odd(numbers):\n    labeled_numbers = []\n    for num in numbers:\n        if num % 2 == 0:\n            labeled_numbers.append(f\"{num} Even\")\n        else:\n            labeled_numbers.append(f\"{num} Odd\")\n    return labeled_numbers\n\ninput_line = input().split()\nnumbers = [int(x) for x in input_line]\nlabeled_numbers = label_even_odd(numbers)\nfor labeled_number in labeled_numbers:\n    print(labeled_number)",
                        "language": "PYTHON",
                        "default_code": true
                    }
                ],
                "complexity_analysis": {
                    "content": "",
                    "content_type": ""
                }
            }
        ],
        "hints": [],
        "code_metadata": [
            {
                "is_editable": true,
                "language": "PYTHON",
                "code_data": "# Write your code here",
                "default_code": true,
                "base64_encoded": false
            }
        ],
        "cpp_python_time_factor": 0,
        "question_id": "ca8b07fa-f626-45e9-aff9-33849f366a41",
        "order_no": 100,
        "tag_names": [
            "Introduction_to_list_comprehensions_01_Easy_1"
        ]
    },
    {
        "input_output": [
            {
                "input": [
                    {
                        "input": "2 5 7 8",
                        "is_hidden": false,
                        "score": 1,
                        "output": "Even Odd Odd Even",
                        "t_id": 1
                    },
                    {
                        "input": "10 15 20",
                        "is_hidden": false,
                        "score": 1,
                        "output": "Even Odd Even",
                        "t_id": 2
                    },
                    {
                        "input": "5 8 13",
                        "is_hidden": true,
                        "score": 3,
                        "output": "Odd Even Odd",
                        "t_id": 3
                    },
                    {
                        "input": "14 17 22",
                        "is_hidden": true,
                        "score": 4,
                        "output": "Even Odd Even",
                        "t_id": 4
                    },
                    {
                        "input": "3 6 9 12",
                        "is_hidden": true,
                        "score": 3,
                        "output": "Odd Even Odd Even",
                        "t_id": 5
                    },
                    {
                        "input": "4 5 6",
                        "is_hidden": true,
                        "score": 3,
                        "output": "Even Odd Even",
                        "t_id": 6
                    }
                ],
                "average_time_spent": 0.0,
                "order_no": 100
            }
        ],
        "question_text": "\nThe given program is supposed to read space-separated integers and label each integer as `Even` or `Odd`. The program should then output a space-separated sequence of labels `(Even or Odd)` corresponding to the integers in the same order.\n\n\nHowever, there may be one or more bugs in the prefilled code provided that need to be resolved. Your task is to identify and fix the bug(s) to ensure the code works as expected.\n\n---\n\n#### Input\n\nThe input consists of a single line containing integers separated by spaces.\n\n---\n\n#### Output\n\nThe output must be a single line of space-separated words, `Even` or `Odd`, corresponding to whether each input integer is even or odd, in the same order as the input.\n\n---\n\n#### Explanation\n\nThe program takes a line of space-separated integers as input and outputs whether each integer is `Even` or `Odd`. Each integer in the input is followed by the word `Even` if it is even, or `Odd` if it is odd.\n\nFor example, if the input is:\n\n```\n2 5 7 8\n```\n\nThe expected output should be:\n\n```\nEven Odd Odd Even\n```\n\nBut the current program might not produce this output due to the bug(s).",
        "short_text": "Even Odd Label",
        "question_type": "CODING",
        "question_key": "python_4644",
        "skills": [],
        "question_format": "CODING_PRACTICE",
        "content_type": "MARKDOWN",
        "difficulty": "",
        "remarks": "",
        "scores_updated": true,
        "scores_computed": 15,
        "question_asked_by_companies_info": [],
        "test_case_evaluation_metrics": [
            {
                "language": "PYTHON",
                "time_limit_to_execute_in_seconds": 10.0
            }
        ],
        "solutions": [
            {
                "order": 1,
                "title": {
                    "content": "Code",
                    "content_type": "TEXT"
                },
                "description": {
                    "content": "",
                    "content_type": ""
                },
                "code_details": [
                    {
                        "code_content": "def label_even_odd(numbers):\n    return [\"Even\" if num % 2 == 0 else \"Odd\" for num in numbers]\n\ninput_line = input().split()\nnumbers = [int(x) for x in input_line]\nlabels = label_even_odd(numbers)\nprint(\" \".join(labels))  ",
                        "language": "PYTHON",
                        "default_code": true
                    }
                ],
                "complexity_analysis": {
                    "content": "",
                    "content_type": ""
                }
            }
        ],
        "hints": [],
        "code_metadata": [
            {
                "is_editable": true,
                "language": "PYTHON",
                "code_data": "def label_even_odd(numbers):\n    return [\"Odd\" if num % 2 == 0 else \"Even\" for num in numbers]\n\ninput_line = input().split()\nnumbers = [x for x in input_line]\nlabels = label_even_odd(numbers)\nprint(\",\".join(labels))  ",
                "default_code": true,
                "base64_encoded": false
            }
        ],
        "cpp_python_time_factor": 0,
        "question_id": "d0603c12-19f1-48ee-a057-3157d6a15ed6",
        "order_no": 100,
        "tag_names": [
            "Introduction_to_list_comprehensions_01_Easy_1"
        ]
    },
    {
        "input_output": [
            {
                "input": [
                    {
                        "input": "Python",
                        "is_hidden": false,
                        "score": 1,
                        "output": "o",
                        "t_id": 1
                    },
                    {
                        "input": "Education",
                        "is_hidden": false,
                        "score": 1,
                        "output": "E u a i o",
                        "t_id": 2
                    },
                    {
                        "input": "Environment",
                        "is_hidden": true,
                        "score": 3,
                        "output": "E i o e",
                        "t_id": 3
                    },
                    {
                        "input": "Programming",
                        "is_hidden": true,
                        "score": 4,
                        "output": "o a i",
                        "t_id": 4
                    },
                    {
                        "input": "Vowel",
                        "is_hidden": true,
                        "score": 3,
                        "output": "o e",
                        "t_id": 5
                    },
                    {
                        "input": "Amazing",
                        "is_hidden": true,
                        "score": 3,
                        "output": "A a i",
                        "t_id": 6
                    }
                ],
                "average_time_spent": 0.0,
                "order_no": 100
            }
        ],
        "question_text": "\nWrite a program that reads a single string from the user and identifies all the vowels in the given string. The program should display the vowels that appear in the string.\n\n---\n\n#### Input\n\nThe input will be a single string.\n\n---\n\n#### Output\n\nThe vowels from the string, each separated by a space, on one line.\n\n---\n\n#### Explanation\n\nThe program takes a single string as input and identifies all the vowels `('a', 'e', 'i', 'o', 'u')` that appear in the given string. The program then displays the vowels in the given string, each separated by a space, on a single line.\n\n\n\nFor example, if the input is:\n\n```\nPython\n```\n\nThen the output should be:\n\n```\no\n```\n",
        "short_text": "Vowel Finder",
        "question_type": "CODING",
        "question_key": "python_4645",
        "skills": [],
        "question_format": "CODING_PRACTICE",
        "content_type": "MARKDOWN",
        "difficulty": "",
        "remarks": "",
        "scores_updated": true,
        "scores_computed": 15,
        "question_asked_by_companies_info": [],
        "test_case_evaluation_metrics": [
            {
                "language": "PYTHON",
                "time_limit_to_execute_in_seconds": 10.0
            }
        ],
        "solutions": [
            {
                "order": 1,
                "title": {
                    "content": "Code",
                    "content_type": "TEXT"
                },
                "description": {
                    "content": "",
                    "content_type": ""
                },
                "code_details": [
                    {
                        "code_content": "def find_vowels(word):\n    return [char for char in word if char in \"aeiouAEIOU\"]\n\nword = input()\nvowels_in_word = find_vowels(word)\nprint(\" \".join(vowels_in_word))\n",
                        "language": "PYTHON",
                        "default_code": true
                    }
                ],
                "complexity_analysis": {
                    "content": "",
                    "content_type": ""
                }
            }
        ],
        "hints": [],
        "code_metadata": [
            {
                "is_editable": true,
                "language": "PYTHON",
                "code_data": "",
                "default_code": true,
                "base64_encoded": false
            }
        ],
        "cpp_python_time_factor": 0,
        "question_id": "e859eb1b-1e1c-4cdc-beaa-c81de0f053b0",
        "order_no": 100,
        "tag_names": [
            "Introduction_to_list_comprehensions_01_Easy_1"
        ]
    },
    {
        "input_output": [
            {
                "input": [
                    {
                        "input": "Hello World",
                        "is_hidden": false,
                        "score": 1,
                        "output": "3",
                        "t_id": 1
                    },
                    {
                        "input": "Programming is fun",
                        "is_hidden": false,
                        "score": 1,
                        "output": "5",
                        "t_id": 2
                    },
                    {
                        "input": "Beautiful day",
                        "is_hidden": true,
                        "score": 3,
                        "output": "6",
                        "t_id": 3
                    },
                    {
                        "input": "Challenge accepted",
                        "is_hidden": true,
                        "score": 4,
                        "output": "6",
                        "t_id": 4
                    },
                    {
                        "input": "Easy peasy",
                        "is_hidden": true,
                        "score": 3,
                        "output": "4",
                        "t_id": 5
                    },
                    {
                        "input": "Understand the concept",
                        "is_hidden": true,
                        "score": 3,
                        "output": "6",
                        "t_id": 6
                    }
                ],
                "average_time_spent": 0.0,
                "order_no": 100
            }
        ],
        "question_text": "\nWrite a program that reads a sentence and counts the number of vowels in it. The program should output the count of vowels found in the given input.\n\n---\n\n#### Input\n\nThe input contains line containing a sentence.\n\n---\n\n#### Output\n\nThe output should be the number of vowels in the given string, printed as an integer.\n\n\n---\n\n#### Explanation\n\nThe program reads a sentence (which can include spaces) and counts the number of vowels ( 'a', 'e', 'i', 'o', 'u', both uppercase and lowercase) in it. The program then outputs the total number of vowels found in the sentence.\n\nIf the input is:\n\n```\nHello World\n```\n\nThe output should be:\n\n```\n3\n```\n\nBecause there are three vowels: 'e', 'o', and 'o'.",
        "short_text": "Vowel Counter-1",
        "question_type": "CODING",
        "question_key": "python_4646",
        "skills": [],
        "question_format": "CODING_PRACTICE",
        "content_type": "MARKDOWN",
        "difficulty": "",
        "remarks": "",
        "scores_updated": true,
        "scores_computed": 15,
        "question_asked_by_companies_info": [],
        "test_case_evaluation_metrics": [
            {
                "language": "PYTHON",
                "time_limit_to_execute_in_seconds": 10.0
            }
        ],
        "solutions": [
            {
                "order": 1,
                "title": {
                    "content": "Code",
                    "content_type": "TEXT"
                },
                "description": {
                    "content": "",
                    "content_type": ""
                },
                "code_details": [
                    {
                        "code_content": "def count_vowels(phrase):\n    vowels = \"aeiouAEIOU\"\n    return sum(1 for char in phrase if char in vowels)\n\nphrase = input()\nvowel_count = count_vowels(phrase)\nprint(vowel_count)",
                        "language": "PYTHON",
                        "default_code": true
                    }
                ],
                "complexity_analysis": {
                    "content": "",
                    "content_type": ""
                }
            }
        ],
        "hints": [],
        "code_metadata": [
            {
                "is_editable": true,
                "language": "PYTHON",
                "code_data": "",
                "default_code": true,
                "base64_encoded": false
            }
        ],
        "cpp_python_time_factor": 0,
        "question_id": "94fe8f9c-70bc-4c4e-8a4e-c34b8a9b82b6",
        "order_no": 100,
        "tag_names": [
            "Introduction_to_list_comprehensions_01_Easy_1"
        ]
    },
    {
        "input_output": [
            {
                "input": [
                    {
                        "input": "Python",
                        "is_hidden": false,
                        "score": 1,
                        "output": "1",
                        "t_id": 1
                    },
                    {
                        "input": "Education",
                        "is_hidden": false,
                        "score": 1,
                        "output": "5",
                        "t_id": 2
                    },
                    {
                        "input": "Environment",
                        "is_hidden": true,
                        "score": 3,
                        "output": "4",
                        "t_id": 3
                    },
                    {
                        "input": "Programming",
                        "is_hidden": true,
                        "score": 4,
                        "output": "3",
                        "t_id": 4
                    },
                    {
                        "input": "Vowel",
                        "is_hidden": true,
                        "score": 3,
                        "output": "2",
                        "t_id": 5
                    },
                    {
                        "input": "Amazing",
                        "is_hidden": true,
                        "score": 3,
                        "output": "3",
                        "t_id": 6
                    }
                ],
                "average_time_spent": 0.0,
                "order_no": 100
            }
        ],
        "question_text": "\nWrite a program that takes a single string as input and counts the number of vowels in it.The program should consider both uppercase and lowercase `vowels` when counting and print the total count of vowels found in the given string.\n\n---\n\n#### Input\n\nThe input contains a single string without any spaces.\n\n---\n\n#### Output\n\nThe output should be the total number of vowels in the given string.\n\n\n---\n\n#### Explanation\n\nThe program takes a single string as input and counts how many vowels ( 'a', 'e', 'i', 'o', 'u', both uppercase and lowercase) are present in the given string. The program then outputs the total count of vowels found in that given string.\n\nIf the input is:\n\n```\nPython\n```\n\nThe output should be:\n\n```\n1\n```\n\nBecause there is only one vowel 'o' in the word \"Python\".\n",
        "short_text": "Vowel Counter-2",
        "question_type": "CODING",
        "question_key": "python_4647",
        "skills": [],
        "question_format": "CODING_PRACTICE",
        "content_type": "MARKDOWN",
        "difficulty": "",
        "remarks": "",
        "scores_updated": true,
        "scores_computed": 15,
        "question_asked_by_companies_info": [],
        "test_case_evaluation_metrics": [
            {
                "language": "PYTHON",
                "time_limit_to_execute_in_seconds": 10.0
            }
        ],
        "solutions": [
            {
                "order": 1,
                "title": {
                    "content": "Code",
                    "content_type": "TEXT"
                },
                "description": {
                    "content": "",
                    "content_type": ""
                },
                "code_details": [
                    {
                        "code_content": "def count_vowels(word):\n    vowels = \"aeiouAEIOU\"\n    return sum(1 for char in word if char in vowels)\n\nword = input()\nvowel_count = count_vowels(word)\nprint(vowel_count)",
                        "language": "PYTHON",
                        "default_code": true
                    }
                ],
                "complexity_analysis": {
                    "content": "",
                    "content_type": ""
                }
            }
        ],
        "hints": [],
        "code_metadata": [
            {
                "is_editable": true,
                "language": "PYTHON",
                "code_data": "",
                "default_code": true,
                "base64_encoded": false
            }
        ],
        "cpp_python_time_factor": 0,
        "question_id": "74e137f3-bb05-4fc0-a912-0fec6c3da595",
        "order_no": 100,
        "tag_names": [
            "Introduction_to_list_comprehensions_01_Easy_1"
        ]
    },
    {
        "input_output": [
            {
                "input": [
                    {
                        "input": "Python",
                        "is_hidden": false,
                        "score": 1,
                        "output": "o",
                        "t_id": 1
                    },
                    {
                        "input": "Education",
                        "is_hidden": false,
                        "score": 1,
                        "output": "E\nu\na\ni\no",
                        "t_id": 2
                    },
                    {
                        "input": "Environment",
                        "is_hidden": true,
                        "score": 3,
                        "output": "E\ni\no\ne",
                        "t_id": 3
                    },
                    {
                        "input": "Programming",
                        "is_hidden": true,
                        "score": 4,
                        "output": "o\na\ni",
                        "t_id": 4
                    },
                    {
                        "input": "Vowel",
                        "is_hidden": true,
                        "score": 3,
                        "output": "o\ne",
                        "t_id": 5
                    },
                    {
                        "input": "Amazing",
                        "is_hidden": true,
                        "score": 3,
                        "output": "A\na\ni",
                        "t_id": 6
                    }
                ],
                "average_time_spent": 0.0,
                "order_no": 100
            }
        ],
        "question_text": "\nThe given program is supposed to read a word and then find and print all the vowels in that word. Each vowel should be printed on a separate line. \n\nHowever, there may be one or more bugs in the prefilled code provided that need to be resolved. Your task is to identify and fix the bug(s) to ensure the code works as expected.\n\n---\n\n#### Input\n\nThe input contains a single string.\n\n---\n\n#### Output\n\nThe output should be the total number of vowels in the given string.\n\n\n---\n\n#### Explanation\n\nThe program reads a word and checks each character to see if it's a vowel (`from 'a', 'e', 'i', 'o', 'u' and their uppercase equivalents)`. It then prints each vowel found on a separate line.\n\n\n\nFor example, if the input is:\n\n```\nPython\n```\n\nThe output should be:\n\n```\no\n```\n",
        "short_text": "Vowel Extractor",
        "question_type": "CODING",
        "question_key": "python_4648",
        "skills": [],
        "question_format": "CODING_PRACTICE",
        "content_type": "MARKDOWN",
        "difficulty": "",
        "remarks": "",
        "scores_updated": true,
        "scores_computed": 15,
        "question_asked_by_companies_info": [],
        "test_case_evaluation_metrics": [
            {
                "language": "PYTHON",
                "time_limit_to_execute_in_seconds": 10.0
            }
        ],
        "solutions": [
            {
                "order": 1,
                "title": {
                    "content": "Code",
                    "content_type": "TEXT"
                },
                "description": {
                    "content": "",
                    "content_type": ""
                },
                "code_details": [
                    {
                        "code_content": "def extract_vowels(word):\n    vowels = \"aeiouAEIOU\"\n    return [char for char in word if char in vowels]\n\nword = input()\nvowel_list = extract_vowels(word)\nfor vowel in vowel_list:\n    print(vowel)",
                        "language": "PYTHON",
                        "default_code": true
                    }
                ],
                "complexity_analysis": {
                    "content": "",
                    "content_type": ""
                }
            }
        ],
        "hints": [],
        "code_metadata": [
            {
                "is_editable": true,
                "language": "PYTHON",
                "code_data": "def extract_vowels(word):\n    vowels = \"aeiouAEIOU\"\n    return [char for char in word if char not in vowels]\n\nword = input()\nvowel_list = extract_vowels(word)\nfor vowel in vowel_list:\n    print(vowel)",
                "default_code": true,
                "base64_encoded": false
            }
        ],
        "cpp_python_time_factor": 0,
        "question_id": "43d794d7-3ba1-4d6d-a349-f309ca58e94d",
        "order_no": 100,
        "tag_names": [
            "Introduction_to_list_comprehensions_01_Easy_1"
        ]
    },
    {
        "input_output": [
            {
                "input": [
                    {
                        "input": "1 2 3 4 5 6",
                        "is_hidden": false,
                        "score": 1,
                        "output": "2 4 6",
                        "t_id": 1
                    },
                    {
                        "input": "10 15 20 25",
                        "is_hidden": false,
                        "score": 1,
                        "output": "10 20",
                        "t_id": 2
                    },
                    {
                        "input": "8 9 10",
                        "is_hidden": true,
                        "score": 3,
                        "output": "8 10",
                        "t_id": 3
                    },
                    {
                        "input": "3 6 9 12",
                        "is_hidden": true,
                        "score": 4,
                        "output": "6 12",
                        "t_id": 4
                    },
                    {
                        "input": "4 5 6 7",
                        "is_hidden": true,
                        "score": 3,
                        "output": "4 6",
                        "t_id": 5
                    },
                    {
                        "input": "14 18 21",
                        "is_hidden": true,
                        "score": 3,
                        "output": "14 18",
                        "t_id": 6
                    }
                ],
                "average_time_spent": 0.0,
                "order_no": 100
            }
        ],
        "question_text": "\nWrite a program that reads spaces separated integers and then filters out the odd numbers and keeps only the even numbers. The program outputs the even numbers in the same order they appeared in the input, separated by spaces.\n\n---\n\n#### Input\n\nThe input contains a single line with multiple numbers, each separated by a space.\n\n---\n\n#### Output\n\nThe output should be a sequence of even numbers from the input, each separated by a space.\n\n\n---\n\n#### Explanation\n\nFor example, if the input is:\n\n```\n1 2 3 4 5 6\n```\n\nThen the output should be:\n\n```\n2 4 6\n```\n\nThis is because 2, 4, and 6 are the even numbers from the given input. The program filters out the odd numbers and prints only the even ones in the same order they appeared.\n\n",
        "short_text": "Even Collector-1",
        "question_type": "CODING",
        "question_key": "python_4649",
        "skills": [],
        "question_format": "CODING_PRACTICE",
        "content_type": "MARKDOWN",
        "difficulty": "",
        "remarks": "",
        "scores_updated": true,
        "scores_computed": 15,
        "question_asked_by_companies_info": [],
        "test_case_evaluation_metrics": [
            {
                "language": "PYTHON",
                "time_limit_to_execute_in_seconds": 10.0
            }
        ],
        "solutions": [
            {
                "order": 1,
                "title": {
                    "content": "Code",
                    "content_type": "TEXT"
                },
                "description": {
                    "content": "",
                    "content_type": ""
                },
                "code_details": [
                    {
                        "code_content": "def keep_even_numbers(numbers_list):\n    return [number for number in numbers_list if number % 2 == 0]\n\ninput_numbers = input().split()\nnumbers_list = [int(num) for num in input_numbers]\neven_numbers_list = keep_even_numbers(numbers_list)\n\nprint(\" \".join([str(num) for num in even_numbers_list]))\n",
                        "language": "PYTHON",
                        "default_code": true
                    }
                ],
                "complexity_analysis": {
                    "content": "",
                    "content_type": ""
                }
            }
        ],
        "hints": [],
        "code_metadata": [
            {
                "is_editable": true,
                "language": "PYTHON",
                "code_data": "# Write your code here",
                "default_code": true,
                "base64_encoded": false
            }
        ],
        "cpp_python_time_factor": 0,
        "question_id": "33bfed86-6419-4c45-962f-86c988edbc02",
        "order_no": 100,
        "tag_names": [
            "Introduction_to_list_comprehensions_01_Easy_1"
        ]
    },
    {
        "input_output": [
            {
                "input": [
                    {
                        "input": "1,2,3,4,5,6",
                        "is_hidden": false,
                        "score": 1,
                        "output": "2,4,6",
                        "t_id": 1
                    },
                    {
                        "input": "10,15,20,25",
                        "is_hidden": false,
                        "score": 1,
                        "output": "10,20",
                        "t_id": 2
                    },
                    {
                        "input": "8,9,10",
                        "is_hidden": true,
                        "score": 3,
                        "output": "8,10",
                        "t_id": 3
                    },
                    {
                        "input": "3,6,9,12",
                        "is_hidden": true,
                        "score": 4,
                        "output": "6,12",
                        "t_id": 4
                    },
                    {
                        "input": "4,5,6,7",
                        "is_hidden": true,
                        "score": 3,
                        "output": "4,6",
                        "t_id": 5
                    },
                    {
                        "input": "14,18,21",
                        "is_hidden": true,
                        "score": 3,
                        "output": "14,18",
                        "t_id": 6
                    }
                ],
                "average_time_spent": 0.0,
                "order_no": 100
            }
        ],
        "question_text": "\nWrite a program that reads comma-separated integers and It filters out the odd numbers and then prints only the even numbers, also as a comma-separated sequence, in the same order as they appeared in the input\n\n---\n\n#### Input\n\nThe input consists of a single line of integers, separated by commas.\n\n---\n\n#### Output\n\nThe output should be a comma-separated sequence of even numbers from the input, in the same order.\n\n---\n\n#### Explanation\n\nIf the input is:\n\n```\n1,2,3,4,5,6\n```\n\nThe output should be:\n\n```\n2,4,6\n```\n\nOnly even numbers are included in the output.",
        "short_text": "Filter Odds-1",
        "question_type": "CODING",
        "question_key": "python_4650",
        "skills": [],
        "question_format": "CODING_PRACTICE",
        "content_type": "MARKDOWN",
        "difficulty": "",
        "remarks": "",
        "scores_updated": true,
        "scores_computed": 15,
        "question_asked_by_companies_info": [],
        "test_case_evaluation_metrics": [
            {
                "language": "PYTHON",
                "time_limit_to_execute_in_seconds": 10.0
            }
        ],
        "solutions": [
            {
                "order": 1,
                "title": {
                    "content": "Code",
                    "content_type": "TEXT"
                },
                "description": {
                    "content": "",
                    "content_type": ""
                },
                "code_details": [
                    {
                        "code_content": "def filter_even(numbers):\n    return [num for num in numbers if num % 2 == 0]\n\ninput_line = input().split(',')\nnumbers = [int(x) for x in input_line]\neven_numbers = filter_even(numbers)\n\nfor i in range(len(even_numbers)):\n    if i < len(even_numbers) - 1:\n        print(even_numbers[i], end=\",\")\n    else:\n        print(even_numbers[i])",
                        "language": "PYTHON",
                        "default_code": true
                    }
                ],
                "complexity_analysis": {
                    "content": "",
                    "content_type": ""
                }
            }
        ],
        "hints": [],
        "code_metadata": [
            {
                "is_editable": true,
                "language": "PYTHON",
                "code_data": "# Write your code here",
                "default_code": true,
                "base64_encoded": false
            }
        ],
        "cpp_python_time_factor": 0,
        "question_id": "d703e9f6-28d5-4943-8f97-b3002641e9fe",
        "order_no": 100,
        "tag_names": [
            "Introduction_to_list_comprehensions_01_Easy_1"
        ]
    },
    {
        "input_output": [
            {
                "input": [
                    {
                        "input": "1 2 3 4 5 6",
                        "is_hidden": false,
                        "score": 1,
                        "output": "[2, 4, 6]",
                        "t_id": 1
                    },
                    {
                        "input": "10 15 20 25",
                        "is_hidden": false,
                        "score": 1,
                        "output": "[10, 20]",
                        "t_id": 2
                    },
                    {
                        "input": "8 9 10",
                        "is_hidden": true,
                        "score": 3,
                        "output": "[8, 10]",
                        "t_id": 3
                    },
                    {
                        "input": "3 6 9 12",
                        "is_hidden": true,
                        "score": 4,
                        "output": "[6, 12]",
                        "t_id": 4
                    },
                    {
                        "input": "4 5 6 7",
                        "is_hidden": true,
                        "score": 3,
                        "output": "[4, 6]",
                        "t_id": 5
                    },
                    {
                        "input": "14 18 21",
                        "is_hidden": true,
                        "score": 3,
                        "output": "[14, 18]",
                        "t_id": 6
                    }
                ],
                "average_time_spent": 0.0,
                "order_no": 100
            }
        ],
        "question_text": "\nWrite a program that takes a single line of space-separated integers as input. The program should check each integer and return only the even numbers in a list.\n\n\n---\n\n#### Input\n\nThe input consists of a single line containing space-separated integers.\n\n---\n\n#### Output\n\nThe output should consist of a list containing only the even integers from the input.\n\n---\n\n#### Explanation\n\nFor example, if the input is\n\n```\n1 2 3 4 5 6\n```\n\nYour program should give you back:\n\n```\n[2, 4, 6]\n```\n\nThe program processes each number and includes only the even numbers in the output list.\n\n",
        "short_text": "Even Collector-2",
        "question_type": "CODING",
        "question_key": "python_4651",
        "skills": [],
        "question_format": "CODING_PRACTICE",
        "content_type": "MARKDOWN",
        "difficulty": "",
        "remarks": "",
        "scores_updated": true,
        "scores_computed": 15,
        "question_asked_by_companies_info": [],
        "test_case_evaluation_metrics": [
            {
                "language": "PYTHON",
                "time_limit_to_execute_in_seconds": 10.0
            }
        ],
        "solutions": [
            {
                "order": 1,
                "title": {
                    "content": "Code",
                    "content_type": "TEXT"
                },
                "description": {
                    "content": "",
                    "content_type": ""
                },
                "code_details": [
                    {
                        "code_content": "def collect_even_numbers(numbers):\n    return [num for num in numbers if num % 2 == 0]\n\ninput_line = input().split()\nnumbers = [int(x) for x in input_line]\neven_numbers_list = collect_even_numbers(numbers)\nprint(even_numbers_list)\n",
                        "language": "PYTHON",
                        "default_code": true
                    }
                ],
                "complexity_analysis": {
                    "content": "",
                    "content_type": ""
                }
            }
        ],
        "hints": [],
        "code_metadata": [
            {
                "is_editable": true,
                "language": "PYTHON",
                "code_data": "# Write your code here",
                "default_code": true,
                "base64_encoded": false
            }
        ],
        "cpp_python_time_factor": 0,
        "question_id": "11036c13-49ec-454e-95cc-cc24d77c0dfc",
        "order_no": 100,
        "tag_names": [
            "Introduction_to_list_comprehensions_01_Easy_1"
        ]
    },
    {
        "input_output": [
            {
                "input": [
                    {
                        "input": "1 2 3 4 5 6",
                        "is_hidden": false,
                        "score": 1,
                        "output": "1 3 5",
                        "t_id": 1
                    },
                    {
                        "input": "10 15 20 25",
                        "is_hidden": false,
                        "score": 1,
                        "output": "15 25",
                        "t_id": 2
                    },
                    {
                        "input": "8 9 10",
                        "is_hidden": true,
                        "score": 3,
                        "output": "9",
                        "t_id": 3
                    },
                    {
                        "input": "3 6 9 12",
                        "is_hidden": true,
                        "score": 4,
                        "output": "3 9",
                        "t_id": 4
                    },
                    {
                        "input": "4 5 6 7",
                        "is_hidden": true,
                        "score": 3,
                        "output": "5 7",
                        "t_id": 5
                    },
                    {
                        "input": "14 18 21",
                        "is_hidden": true,
                        "score": 3,
                        "output": "21",
                        "t_id": 6
                    }
                ],
                "average_time_spent": 0.0,
                "order_no": 100
            }
        ],
        "question_text": "\nWrite a program that reads a line of integers separated by spaces. The program should filter out only the odd integers and print them in a single line, separated by spaces.\n\n\n---\n\n#### Input\n\nThe input consists of a single line containing integers separated by spaces.\n\n\n---\n\n#### Output\n\nThe output should consist of the odd integers from the input, printed as a single line with each integer separated by a space.\n\n\n---\n\n#### Explanation\n\nFor example, If the input is:\n\n```\n1 2 3 4 5 6\n```\n\nThe output should be:\n\n```\n1 3 5\n```\n\nThe program goes through each number in the input, keeps only the odd numbers, and then prints them in one line, separated by spaces.\n\n\n",
        "short_text": "Filter Odds-2",
        "question_type": "CODING",
        "question_key": "python_4652",
        "skills": [],
        "question_format": "CODING_PRACTICE",
        "content_type": "MARKDOWN",
        "difficulty": "",
        "remarks": "",
        "scores_updated": true,
        "scores_computed": 15,
        "question_asked_by_companies_info": [],
        "test_case_evaluation_metrics": [
            {
                "language": "PYTHON",
                "time_limit_to_execute_in_seconds": 10.0
            }
        ],
        "solutions": [
            {
                "order": 1,
                "title": {
                    "content": "Code",
                    "content_type": "TEXT"
                },
                "description": {
                    "content": "",
                    "content_type": ""
                },
                "code_details": [
                    {
                        "code_content": "def collect_odd_numbers(numbers):\n    return [num for num in numbers if num % 2 != 0]\n\ninput_line = input().split()\nnumbers = [int(x) for x in input_line]\nodd_numbers_list = collect_odd_numbers(numbers)\n\nprint(\" \".join([str(num) for num in odd_numbers_list]))\n",
                        "language": "PYTHON",
                        "default_code": true
                    }
                ],
                "complexity_analysis": {
                    "content": "",
                    "content_type": ""
                }
            }
        ],
        "hints": [],
        "code_metadata": [
            {
                "is_editable": true,
                "language": "PYTHON",
                "code_data": "",
                "default_code": true,
                "base64_encoded": false
            }
        ],
        "cpp_python_time_factor": 0,
        "question_id": "a033e82d-50ee-444e-97d0-1d344a5570a6",
        "order_no": 100,
        "tag_names": [
            "Introduction_to_list_comprehensions_01_Easy_1"
        ]
    },
    {
        "input_output": [
            {
                "input": [
                    {
                        "input": "1 2 3 6 12 15",
                        "is_hidden": false,
                        "score": 1,
                        "output": "6 12",
                        "t_id": 1
                    },
                    {
                        "input": "18 25 30 35",
                        "is_hidden": false,
                        "score": 1,
                        "output": "18 30",
                        "t_id": 2
                    },
                    {
                        "input": "10 12 14 15",
                        "is_hidden": true,
                        "score": 3,
                        "output": "12",
                        "t_id": 3
                    },
                    {
                        "input": "20 24 26",
                        "is_hidden": true,
                        "score": 4,
                        "output": "24",
                        "t_id": 4
                    },
                    {
                        "input": "6 9 18",
                        "is_hidden": true,
                        "score": 3,
                        "output": "6 18",
                        "t_id": 5
                    },
                    {
                        "input": "3 12 15",
                        "is_hidden": true,
                        "score": 3,
                        "output": "12",
                        "t_id": 6
                    }
                ],
                "average_time_spent": 0.0,
                "order_no": 100
            }
        ],
        "question_text": "\nWrite a program that reads spaces-separated integers and picks out the numbers that can be divided by both `2` and `3` without leaving a remainder. The program should print these numbers in the order they were given in input, with a space between each one.\n\n---\n\n#### Input\n\nThe input consists of a single line containing integers separated by spaces.\n\n\n---\n\n#### Output\n\nThe output should consist of the integers that are divisible by both `2` and `3`, printed in the same order as they appear in the input, with each integer separated by a space.\n\n\n---\n\n#### Explanation\n\nFor example, if the input is:\n\n```\n1 2 3 4 5 6 12\n```\n\nThen the output should be:\n\n```\n6 12\n```\n\nIn this example, `6` and `12` are the only numbers that can be divided by both `2` and `3` without leaving a remainder, so they are printed in a single line with a space between them.\n\n",
        "short_text": "Divisible Numbers-1",
        "question_type": "CODING",
        "question_key": "python_4653",
        "skills": [],
        "question_format": "CODING_PRACTICE",
        "content_type": "MARKDOWN",
        "difficulty": "",
        "remarks": "",
        "scores_updated": true,
        "scores_computed": 15,
        "question_asked_by_companies_info": [],
        "test_case_evaluation_metrics": [
            {
                "language": "PYTHON",
                "time_limit_to_execute_in_seconds": 10.0
            }
        ],
        "solutions": [
            {
                "order": 1,
                "title": {
                    "content": "Code",
                    "content_type": "TEXT"
                },
                "description": {
                    "content": "",
                    "content_type": ""
                },
                "code_details": [
                    {
                        "code_content": "def collect_divisible_by_6(numbers):\n    return [num for num in numbers if num % 2 == 0 and num % 3 == 0]\n\ninput_line = input().split()\nnumbers = [int(x) for x in input_line]\ndivisible_by_6 = collect_divisible_by_6(numbers)\n\nprint(\" \".join([str(num) for num in divisible_by_6]))\n",
                        "language": "PYTHON",
                        "default_code": true
                    }
                ],
                "complexity_analysis": {
                    "content": "",
                    "content_type": ""
                }
            }
        ],
        "hints": [],
        "code_metadata": [
            {
                "is_editable": true,
                "language": "PYTHON",
                "code_data": "# Write your code here",
                "default_code": true,
                "base64_encoded": false
            }
        ],
        "cpp_python_time_factor": 0,
        "question_id": "54bcfa35-e72c-4dbd-8742-1c4d53a6e72e",
        "order_no": 100,
        "tag_names": [
            "Introduction_to_list_comprehensions_01_Easy_1"
        ]
    },
    {
        "input_output": [
            {
                "input": [
                    {
                        "input": "1,2,3,6,12,15",
                        "is_hidden": false,
                        "score": 1,
                        "output": "6,12",
                        "t_id": 1
                    },
                    {
                        "input": "18,25,30,35",
                        "is_hidden": false,
                        "score": 1,
                        "output": "18,30",
                        "t_id": 2
                    },
                    {
                        "input": "10,12,14,15",
                        "is_hidden": true,
                        "score": 3,
                        "output": "12",
                        "t_id": 3
                    },
                    {
                        "input": "20,24,26",
                        "is_hidden": true,
                        "score": 4,
                        "output": "24",
                        "t_id": 4
                    },
                    {
                        "input": "6,9,18",
                        "is_hidden": true,
                        "score": 3,
                        "output": "6,18",
                        "t_id": 5
                    },
                    {
                        "input": "3,12,15",
                        "is_hidden": true,
                        "score": 3,
                        "output": "12",
                        "t_id": 6
                    }
                ],
                "average_time_spent": 0.0,
                "order_no": 100
            }
        ],
        "question_text": "\nWrite a program that reads a sequence of comma-separated integers and removes integers that are not multiples of both `2` and `3`. The program should output the remaining numbers that are divisible by both `2` and `3`, in a comma-separated sequence.\n\n---\n\n#### Input\n\nThe input consists of a single line containing integers separated by commas.\n\n\n---\n\n#### Output\n\nThe output should consist of only the integers that are divisible by both `2` and `3`, separated by commas.\n\n\n---\n\n#### Explanation\n\nFor example, If the input is:\n\n```\n1,2,3,4,5,6,12\n```\n\nThe output should be:\n\n```\n6,12\n```\n\nIn this example, `6` and `12` are the only numbers divisible by both `2` and `3`, so they are included in the output in a comma-separated format.\n\n",
        "short_text": "Filter Multiples",
        "question_type": "CODING",
        "question_key": "python_4654",
        "skills": [],
        "question_format": "CODING_PRACTICE",
        "content_type": "MARKDOWN",
        "difficulty": "",
        "remarks": "",
        "scores_updated": true,
        "scores_computed": 15,
        "question_asked_by_companies_info": [],
        "test_case_evaluation_metrics": [
            {
                "language": "PYTHON",
                "time_limit_to_execute_in_seconds": 10.0
            }
        ],
        "solutions": [
            {
                "order": 1,
                "title": {
                    "content": "Code",
                    "content_type": "TEXT"
                },
                "description": {
                    "content": "",
                    "content_type": ""
                },
                "code_details": [
                    {
                        "code_content": "def filter_multiples(numbers):\n    return [num for num in numbers if num % 2 == 0 and num % 3 == 0]\n\ninput_line = input().split(',')\nnumbers = [int(x) for x in input_line]\nfiltered_numbers = filter_multiples(numbers)\n\nfor i in range(len(filtered_numbers)):\n    if i < len(filtered_numbers) - 1:\n        print(filtered_numbers[i], end=\",\")\n    else:\n        print(filtered_numbers[i])",
                        "language": "PYTHON",
                        "default_code": true
                    }
                ],
                "complexity_analysis": {
                    "content": "",
                    "content_type": ""
                }
            }
        ],
        "hints": [],
        "code_metadata": [
            {
                "is_editable": true,
                "language": "PYTHON",
                "code_data": "# Write your code here",
                "default_code": true,
                "base64_encoded": false
            }
        ],
        "cpp_python_time_factor": 0,
        "question_id": "b69261f3-fe8f-47be-94a7-9e26d96311b4",
        "order_no": 100,
        "tag_names": [
            "Introduction_to_list_comprehensions_01_Easy_1"
        ]
    },
    {
        "input_output": [
            {
                "input": [
                    {
                        "input": "1 2 3 6 12 15",
                        "is_hidden": false,
                        "score": 1,
                        "output": "6\n12",
                        "t_id": 1
                    },
                    {
                        "input": "18 25 30 35",
                        "is_hidden": false,
                        "score": 1,
                        "output": "18\n30",
                        "t_id": 2
                    },
                    {
                        "input": "10 12 14 15",
                        "is_hidden": true,
                        "score": 3,
                        "output": "12",
                        "t_id": 3
                    },
                    {
                        "input": "20 24 26",
                        "is_hidden": true,
                        "score": 4,
                        "output": "24",
                        "t_id": 4
                    },
                    {
                        "input": "6 9 18",
                        "is_hidden": true,
                        "score": 3,
                        "output": "6\n18",
                        "t_id": 5
                    },
                    {
                        "input": "3 12 15",
                        "is_hidden": true,
                        "score": 3,
                        "output": "12",
                        "t_id": 6
                    }
                ],
                "average_time_spent": 0.0,
                "order_no": 100
            }
        ],
        "question_text": "\nWrite a program that takes space separated integers and prints only the ones that can be divided by both `2` and `3`. The program should print each of these numbers on a new line.\n\n---\n\n#### Input\n\nThe input consists of a single line containing integers separated by spaces.\n\n\n---\n\n#### Output\n\nThe output should consist of each integer that is divisible by both `2` and `3`, printed on a new line.\n\n\n---\n\n#### Explanation\n\nFor example, if the input is:\n\n```\n1 2 3 4 5 6 12\n```\n\nThen the output should be:\n\n```\n6\n12\n```\nIn this example, `6` and `12` are the only numbers that can be divided by both `2` and `3`, so each is printed on its own line.\n\n",
        "short_text": "Divisible Numbers-2",
        "question_type": "CODING",
        "question_key": "python_4655",
        "skills": [],
        "question_format": "CODING_PRACTICE",
        "content_type": "MARKDOWN",
        "difficulty": "",
        "remarks": "",
        "scores_updated": true,
        "scores_computed": 15,
        "question_asked_by_companies_info": [],
        "test_case_evaluation_metrics": [
            {
                "language": "PYTHON",
                "time_limit_to_execute_in_seconds": 10.0
            }
        ],
        "solutions": [
            {
                "order": 1,
                "title": {
                    "content": "Code",
                    "content_type": "TEXT"
                },
                "description": {
                    "content": "",
                    "content_type": ""
                },
                "code_details": [
                    {
                        "code_content": "def filter_multiples(numbers):\n    return [num for num in numbers if num % 2 == 0 and num % 3 == 0]\n\ninput_line = input().split()\nnumbers = [int(x) for x in input_line]\nfiltered_numbers = filter_multiples(numbers)\n\nfor number in filtered_numbers:\n    print(number)",
                        "language": "PYTHON",
                        "default_code": true
                    }
                ],
                "complexity_analysis": {
                    "content": "",
                    "content_type": ""
                }
            }
        ],
        "hints": [],
        "code_metadata": [
            {
                "is_editable": true,
                "language": "PYTHON",
                "code_data": "",
                "default_code": true,
                "base64_encoded": false
            }
        ],
        "cpp_python_time_factor": 0,
        "question_id": "90621327-8b13-42ba-9ac8-57131150545d",
        "order_no": 100,
        "tag_names": [
            "Introduction_to_list_comprehensions_01_Easy_1"
        ]
    },
    {
        "input_output": [
            {
                "input": [
                    {
                        "input": "2 4 8 10 16 20",
                        "is_hidden": false,
                        "score": 1,
                        "output": "4 8 16 20",
                        "t_id": 1
                    },
                    {
                        "input": "32 33 34 36",
                        "is_hidden": false,
                        "score": 1,
                        "output": "32 36",
                        "t_id": 2
                    },
                    {
                        "input": "4 12 14 16",
                        "is_hidden": true,
                        "score": 3,
                        "output": "4 12 16",
                        "t_id": 3
                    },
                    {
                        "input": "24 28 30",
                        "is_hidden": true,
                        "score": 4,
                        "output": "24 28",
                        "t_id": 4
                    },
                    {
                        "input": "8 11 20",
                        "is_hidden": true,
                        "score": 3,
                        "output": "8 20",
                        "t_id": 5
                    },
                    {
                        "input": "4 16 17",
                        "is_hidden": true,
                        "score": 3,
                        "output": "4 16",
                        "t_id": 6
                    }
                ],
                "average_time_spent": 0.0,
                "order_no": 100
            }
        ],
        "question_text": "\nThe given program supposed to  reads space-separated integers and filters out any numbers that are not multiples of `4`. Then the program should output only the numbers that are divisible by `4`, in the same order as they appear in the input, with each number separated by a space.\n\n\n\nHowever, there may be one or more bugs in the prefilled code provided that need to be resolved. Your task is to identify and fix the bug(s) to ensure the code works as expected.\n\n\n#### Input\n\nThe input consists of a single line of integers separated by spaces.\n\n\n---\n\n#### Output\n\nThe output should consist of only the integers that are multiples of `4`, printed in the same order as they appear in the input, with each integer separated by a space.\n\n\n---\n\n#### Explanation\n\n\nFor example, if the input is,\n\n```\n2 4 8 10 16 20\n```\n\nThe output should be\n\n```\n4 8 16 20\n\n```\n\nIn this example, the program checks each integer in the input to see if it is divisible by `4`. The numbers `2` and `10` are not divisible by `4`, so they are excluded from the output. The remaining numbers **(4, 8, 16, and 20)** are divisible by `4` and are printed in a single line, separated by spaces.\n\n",
        "short_text": "Divisible Filter",
        "question_type": "CODING",
        "question_key": "python_4656",
        "skills": [],
        "question_format": "CODING_PRACTICE",
        "content_type": "MARKDOWN",
        "difficulty": "",
        "remarks": "",
        "scores_updated": true,
        "scores_computed": 15,
        "question_asked_by_companies_info": [],
        "test_case_evaluation_metrics": [
            {
                "language": "PYTHON",
                "time_limit_to_execute_in_seconds": 10.0
            }
        ],
        "solutions": [
            {
                "order": 1,
                "title": {
                    "content": "Code",
                    "content_type": "TEXT"
                },
                "description": {
                    "content": "",
                    "content_type": ""
                },
                "code_details": [
                    {
                        "code_content": "def filter_multiples(numbers):\n    return [num for num in numbers if num % 4 == 0]\n\ninput_line = input().split()\nnumbers = [int(x) for x in input_line]\nfiltered_numbers = filter_multiples(numbers)\n\nfor i in range(len(filtered_numbers)):\n    if i < len(filtered_numbers) - 1:\n        print(filtered_numbers[i], end=\" \")\n    else:\n        print(filtered_numbers[i])",
                        "language": "PYTHON",
                        "default_code": true
                    }
                ],
                "complexity_analysis": {
                    "content": "",
                    "content_type": ""
                }
            }
        ],
        "hints": [],
        "code_metadata": [
            {
                "is_editable": true,
                "language": "PYTHON",
                "code_data": "def filter_multiples(numbers):\n    return [num if num % 4 == 0]\n\ninput_line = input().split()\nnumbers = [int(x) for x in input_line]\nfiltered_numbers = filter_multiples(numbers)\n\nfor i in range(len(filtered_numbers)):\n    if i < len(filtered_numbers) - 1:  \n        print(filtered_numbers[i], end=\" \")\n    else:\n        print(filtered_numbers[i])",
                "default_code": true,
                "base64_encoded": false
            }
        ],
        "cpp_python_time_factor": 0,
        "question_id": "589f391e-5f20-4fab-a4ec-a4b0cddf51d0",
        "order_no": 100,
        "tag_names": [
            "Introduction_to_list_comprehensions_01_Easy_1"
        ]
    }
]