[{"question_id": "fca4da84-bcaf-4079-a07e-3d591d513115", "question_key": "D1V01", "skills": ["REMEMBERING\n````", "Python", "Python - Dictionary Views"], "toughness": "EASY", "question_type": "MULTIPLE_CHOICE", "question": {"content": "What does the dict.keys() method return when called on a dictionary?", "content_type": "TEXT", "tag_names": ["Python", "Python - Dictionary Views", "REMEMBERING\n````", "using_dict_keys_method"], "multimedia": []}, "options": [{"content": "A list of all the keys in the dictionary", "content_type": "MARKDOWN", "is_correct": false, "multimedia": []}, {"content": "A single key from the dictionary", "content_type": "MARKDOWN", "is_correct": false, "multimedia": []}, {"content": "A view object containing the dictionary's keys", "content_type": "MARKDOWN", "is_correct": true, "multimedia": []}, {"content": "A tuple containing all the keys and values", "content_type": "MARKDOWN", "is_correct": false, "multimedia": []}], "explanation_for_answer": null}, {"question_id": "23ca2559-744d-4d9c-9ce0-44e8d27c5ef2", "question_key": "D1V01_v1", "skills": ["REMEMBERING", "Python", "Python - Dictionary Views"], "toughness": "EASY", "question_type": "MULTIPLE_CHOICE", "question": {"content": "The dict.keys() method returns a list of all the keys in the dictionary when called.", "content_type": "TEXT", "tag_names": ["Python", "Python - Dictionary Views", "REMEMBERING", "using_dict_keys_method"], "multimedia": []}, "options": [{"content": "True", "content_type": "MARKDOWN", "is_correct": false, "multimedia": []}, {"content": "False", "content_type": "MARKDOWN", "is_correct": true, "multimedia": []}], "explanation_for_answer": null}, {"question_id": "b14c5694-5e25-4203-9171-380edbb27433", "question_key": "D1V01_v2", "skills": ["REMEMBERING", "Python", "Python - Dictionary Views"], "toughness": "EASY", "question_type": "MULTIPLE_CHOICE", "question": {"content": "When called on a dictionary, the dict.keys() method returns a _______ containing the dictionary's keys.", "content_type": "HTML", "tag_names": ["Python", "Python - Dictionary Views", "REMEMBERING", "using_dict_keys_method"], "multimedia": []}, "options": [{"content": "view object", "content_type": "MARKDOWN", "is_correct": true, "multimedia": []}, {"content": "list", "content_type": "MARKDOWN", "is_correct": false, "multimedia": []}, {"content": "single key", "content_type": "MARKDOWN", "is_correct": false, "multimedia": []}, {"content": "tuple", "content_type": "MARKDOWN", "is_correct": false, "multimedia": []}], "explanation_for_answer": null}, {"question_id": "bc7d01ac-804b-41b3-827e-1e159f730680", "question_key": "D4L04", "skills": ["APPLYING\n````", "Python", "Python - Dictionary Views"], "toughness": "EASY", "question_type": "MULTIPLE_CHOICE", "question": {"content": "How can you get the all the values from the dictionary?", "content_type": "TEXT", "tag_names": ["Python", "Python - Dictionary Views", "APPLYING\n````", "converting_dictionary_views_to_lists"], "multimedia": []}, "options": [{"content": "dict.values()", "content_type": "MARKDOWN", "is_correct": true, "multimedia": []}, {"content": "dict.values().tolist()", "content_type": "MARKDOWN", "is_correct": false, "multimedia": []}, {"content": "list(dict.values)", "content_type": "MARKDOWN", "is_correct": false, "multimedia": []}, {"content": "[value for value in dict.values()]", "content_type": "MARKDOWN", "is_correct": false, "multimedia": []}], "explanation_for_answer": null}, {"question_id": "991edc2c-9c05-4ba8-ac79-e69882265ed6", "question_key": "D4L04_v1", "skills": ["APPLYING", "Python", "Python - Dictionary Views"], "toughness": "EASY", "question_type": "MULTIPLE_CHOICE", "question": {"content": "The dictionary view returned by dict.values() can be directly converted into a list using the list() method.", "content_type": "TEXT", "tag_names": ["Python", "Python - Dictionary Views", "APPLYING", "converting_dictionary_views_to_lists"], "multimedia": []}, "options": [{"content": "True", "content_type": "MARKDOWN", "is_correct": true, "multimedia": []}, {"content": "False", "content_type": "MARKDOWN", "is_correct": false, "multimedia": []}], "explanation_for_answer": null}, {"question_id": "d70b6725-d0ae-434e-9bbe-edbd03522b42", "question_key": "D4L04_v2", "skills": ["APPLYING", "Python", "Python - Dictionary Views"], "toughness": "EASY", "question_type": "MULTIPLE_CHOICE", "question": {"content": "To convert the dictionary view returned by dict.values() into a list, pass the view object to the ______ method.", "content_type": "TEXT", "tag_names": ["Python", "Python - Dictionary Views", "APPLYING", "converting_dictionary_views_to_lists"], "multimedia": []}, "options": [{"content": "list", "content_type": "MARKDOWN", "is_correct": true, "multimedia": []}, {"content": "dict", "content_type": "MARKDOWN", "is_correct": false, "multimedia": []}, {"content": "set", "content_type": "MARKDOWN", "is_correct": false, "multimedia": []}, {"content": "tuple", "content_type": "MARKDOWN", "is_correct": false, "multimedia": []}], "explanation_for_answer": null}, {"question_id": "b5e3c67f-5150-42f9-8034-1e1a41b3f8bb", "question_key": "C5T05", "skills": ["REMEMBERING\n````", "Python", "Python - Converting Sequences to Dictionaries"], "toughness": "EASY", "question_type": "MULTIPLE_CHOICE", "question": {"content": "Which of the following statements is true regarding the keys in a dictionary?", "content_type": "TEXT", "tag_names": ["Python", "Python - Converting Sequences to Dictionaries", "REMEMBERING\n````", "ensuring_keys_are_immutable_and_unique"], "multimedia": []}, "options": [{"content": "Dictionary keys can be mutable and duplicated", "content_type": "MARKDOWN", "is_correct": false, "multimedia": []}, {"content": "Dictionary keys must be immutable but can be duplicated", "content_type": "MARKDOWN", "is_correct": false, "multimedia": []}, {"content": "Dictionary keys must be immutable and unique", "content_type": "MARKDOWN", "is_correct": true, "multimedia": []}, {"content": "Dictionary keys can be mutable as long as they are unique", "content_type": "MARKDOWN", "is_correct": false, "multimedia": []}], "explanation_for_answer": null}, {"question_id": "74bc956b-2b05-4ad9-b220-19017a9941ea", "question_key": "C5T05_v1", "skills": ["REMEMBERING", "Python", "Python - Converting Sequences to Dictionaries"], "toughness": "EASY", "question_type": "MULTIPLE_CHOICE", "question": {"content": "In a Python dictionary, keys must be immutable and cannot be duplicated.", "content_type": "HTML", "tag_names": ["Python", "Python - Converting Sequences to Dictionaries", "REMEMBERING", "ensuring_keys_are_immutable_and_unique"], "multimedia": []}, "options": [{"content": "True", "content_type": "MARKDOWN", "is_correct": true, "multimedia": []}, {"content": "False", "content_type": "MARKDOWN", "is_correct": false, "multimedia": []}], "explanation_for_answer": null}, {"question_id": "71a298c1-7237-4ce4-b78c-28aa93e407a1", "question_key": "C5T05_v2", "skills": ["REMEMBERING", "Python", "Python - Converting Sequences to Dictionaries"], "toughness": "EASY", "question_type": "MULTIPLE_CHOICE", "question": {"content": "In a Python dictionary, the keys must be _______ and _______.", "content_type": "HTML", "tag_names": ["Python", "Python - Converting Sequences to Dictionaries", "REMEMBERING", "ensuring_keys_are_immutable_and_unique"], "multimedia": []}, "options": [{"content": "mutable, duplicated", "content_type": "MARKDOWN", "is_correct": false, "multimedia": []}, {"content": "immutable, unique", "content_type": "MARKDOWN", "is_correct": true, "multimedia": []}, {"content": "immutable, duplicated", "content_type": "MARKDOWN", "is_correct": false, "multimedia": []}, {"content": "mutable, unique", "content_type": "MARKDOWN", "is_correct": false, "multimedia": []}], "explanation_for_answer": null}, {"question_id": "2afc2ff8-94c1-4b15-b752-03cad9392455", "question_key": "C6K06", "skills": ["UNDERSTANDING\n\n````", "Python", "Python - Converting Sequences to Dictionaries"], "toughness": "EASY", "question_type": "MULTIPLE_CHOICE", "question": {"content": "Can a tuple containing both mutable and immutable items be used as a key in a dictionary?", "content_type": "TEXT", "tag_names": ["Python", "Python - Converting Sequences to Dictionaries", "UNDERSTANDING\n\n````", "using_tuples_as_keys_in_dictionaries"], "multimedia": []}, "options": [{"content": "Yes, as long as the tuple is used as a key", "content_type": "MARKDOWN", "is_correct": false, "multimedia": []}, {"content": "No, all items in the tuple must be immutable", "content_type": "MARKDOWN", "is_correct": true, "multimedia": []}, {"content": "Yes, if the mutable items are at the end of the tuple", "content_type": "MARKDOWN", "is_correct": false, "multimedia": []}, {"content": "No, unless the tuple contains only one item", "content_type": "MARKDOWN", "is_correct": false, "multimedia": []}], "explanation_for_answer": null}, {"question_id": "9d39fa20-1678-45ab-8607-abbf873fd87d", "question_key": "C6K06_v1", "skills": ["UNDERSTANDING", "Python", "Python - Converting Sequences to Dictionaries"], "toughness": "EASY", "question_type": "MULTIPLE_CHOICE", "question": {"content": "A tuple containing both mutable and immutable items can be used as a key in a dictionary.", "content_type": "TEXT", "tag_names": ["Python", "Python - Converting Sequences to Dictionaries", "UNDERSTANDING", "using_tuples_as_keys_in_dictionaries"], "multimedia": []}, "options": [{"content": "True", "content_type": "MARKDOWN", "is_correct": false, "multimedia": []}, {"content": "False", "content_type": "MARKDOWN", "is_correct": true, "multimedia": []}], "explanation_for_answer": null}, {"question_id": "e6f68a81-351a-4a53-8722-db6a1d05095e", "question_key": "C6K06_v2", "skills": ["UNDERSTANDING", "Python", "Python - Converting Sequences to Dictionaries"], "toughness": "EASY", "question_type": "MULTIPLE_CHOICE", "question": {"content": "In a dictionary, a tuple used as a key must contain only _______ items.", "content_type": "HTML", "tag_names": ["Python", "Python - Converting Sequences to Dictionaries", "UNDERSTANDING", "using_tuples_as_keys_in_dictionaries"], "multimedia": []}, "options": [{"content": "immutable", "content_type": "MARKDOWN", "is_correct": true, "multimedia": []}, {"content": "mutable", "content_type": "MARKDOWN", "is_correct": false, "multimedia": []}, {"content": "mixed", "content_type": "MARKDOWN", "is_correct": false, "multimedia": []}, {"content": "numeric", "content_type": "MARKDOWN", "is_correct": false, "multimedia": []}], "explanation_for_answer": null}]