[{"question_key": "D1V01_v8", "question_text": "Fill in the blank to iterate over the keys of the dictionary `dict_a`.", "question_type": "FIB_CODING", "short_text": "", "content_type": "MARKDOWN", "question_id": "c41a9c7e-2d94-4ed2-afc3-ecca3ef7dee9", "skills": ["REMEMBERING", "Python", "Python - Dictionary Views"], "difficulty": "EASY", "tag_names": ["Python", "Python - Dictionary Views", "REMEMBERING", "using_dict_keys_method"], "test_case_evaluation_metrics": [{"language": "PYTHON39", "time_limit_to_execute_in_seconds": 20.0}], "cpp_python_time_factor": 0, "order_no": 100, "question_asked_by_companies_info": [], "remarks": "", "scores_updated": false, "scores_computed": 0, "input_output": [{"input": [{"t_id": "da9ca0ca-c9a9-448c-9405-fe429f2748e3", "input": "", "output": "name\nage", "is_hidden": true, "score": 1}], "average_time_spent": 0.0, "order_no": 100}], "solution": {"code_blocks": [{"code": "dict_a = {'name': 'Teja', 'age': 15}", "block_type": "DEFAULT", "start_line_number": 1, "order": 1}, {"code": "for key <InlineBlank>in</InlineBlank> dict_a<InlineBlank>.keys()</InlineBlank>:", "block_type": "INLINE_BLANK", "start_line_number": 2, "order": 2}, {"code": "    print(key)", "block_type": "DEFAULT", "start_line_number": 3, "order": 3}]}, "fib_coding": {"language": "PYTHON39", "is_debug_mode_enabled": true, "is_run_code_enabled": true, "code_blocks": [{"code": "dict_a = {'name': 'Teja', 'age': 15}", "block_type": "DEFAULT", "start_line_number": 1, "order": 1}, {"code": "for key <InlineBlank>&&&</InlineBlank> dict_a<InlineBlank>&&&</InlineBlank>:", "block_type": "INLINE_BLANK", "start_line_number": 2, "order": 2}, {"code": "    print(key)", "block_type": "DEFAULT", "start_line_number": 3, "order": 3}]}}, {"question_key": "D1V01_v9", "question_text": "Fill in the blank to check if 'name' is a key in the dictionary `dict_a`.", "question_type": "FIB_CODING", "short_text": "", "content_type": "MARKDOWN", "question_id": "740a92a9-1d0d-4868-a3d5-e0b6326ab64c", "skills": ["REMEMBERING", "Python", "Python - Dictionary Views"], "difficulty": "EASY", "tag_names": ["Python", "Python - Dictionary Views", "REMEMBERING", "using_dict_keys_method"], "test_case_evaluation_metrics": [{"language": "PYTHON39", "time_limit_to_execute_in_seconds": 20.0}], "cpp_python_time_factor": 0, "order_no": 100, "question_asked_by_companies_info": [], "remarks": "", "scores_updated": false, "scores_computed": 0, "input_output": [{"input": [{"t_id": "30ad5d9f-9956-4a5b-a096-7ca97b60eaa5", "input": "", "output": "True", "is_hidden": true, "score": 1}], "average_time_spent": 0.0, "order_no": 100}], "solution": {"code_blocks": [{"code": "dict_a = {'name': 'Teja', 'age': 15}", "block_type": "DEFAULT", "start_line_number": 1, "order": 1}, {"code": "print('name' in dict_a<InlineBlank>.keys()</InlineBlank>)", "block_type": "INLINE_BLANK", "start_line_number": 2, "order": 2}]}, "fib_coding": {"language": "PYTHON39", "is_debug_mode_enabled": true, "is_run_code_enabled": true, "code_blocks": [{"code": "dict_a = {'name': 'Teja', 'age': 15}", "block_type": "DEFAULT", "start_line_number": 1, "order": 1}, {"code": "print('name' in dict_a<InlineBlank>&&&</InlineBlank>)", "block_type": "INLINE_BLANK", "start_line_number": 2, "order": 2}]}}, {"question_key": "C2D02_v3_v8", "question_text": "Fill in the blank to correctly convert the given sequence of tuples into a dictionary using the built-in method.", "question_type": "FIB_CODING", "short_text": "", "content_type": "MARKDOWN", "question_id": "bd15edc3-6e0a-43ad-90c3-f8908de6685e", "skills": ["UNDERSTANDING", "Python", "Python - Converting Sequences to Dictionaries"], "difficulty": "EASY", "tag_names": ["Python", "Python - Converting Sequences to Dictionaries", "UNDERSTANDING", "converting_sequences_to_dictionaries"], "test_case_evaluation_metrics": [{"language": "PYTHON39", "time_limit_to_execute_in_seconds": 20.0}], "cpp_python_time_factor": 0, "order_no": 100, "question_asked_by_companies_info": [], "remarks": "", "scores_updated": false, "scores_computed": 0, "input_output": [{"input": [{"t_id": "e442e2a6-decb-44ac-b943-6b2a95258690", "input": "", "output": "{'name': 'Teja', 'age': 15, 'roll_no': 10}", "is_hidden": true, "score": 1}], "average_time_spent": 0.0, "order_no": 100}], "solution": {"code_blocks": [{"code": "sequence = [(\"name\", \"Teja\"), (\"age\", 15), (\"roll_no\", 10)]", "block_type": "DEFAULT", "start_line_number": 1, "order": 1}, {"code": "dictionary = <InlineBlank>dict(sequence)</InlineBlank>", "block_type": "INLINE_BLANK", "start_line_number": 2, "order": 2}, {"code": "print(dictionary)", "block_type": "DEFAULT", "start_line_number": 3, "order": 3}]}, "fib_coding": {"language": "PYTHON39", "is_debug_mode_enabled": true, "is_run_code_enabled": true, "code_blocks": [{"code": "sequence = [(\"name\", \"Teja\"), (\"age\", 15), (\"roll_no\", 10)]", "block_type": "DEFAULT", "start_line_number": 1, "order": 1}, {"code": "dictionary = <InlineBlank>&&&</InlineBlank>", "block_type": "INLINE_BLANK", "start_line_number": 2, "order": 2}, {"code": "print(dictionary)", "block_type": "DEFAULT", "start_line_number": 3, "order": 3}]}}, {"question_key": "C2D02_v3_v9", "question_text": "In the given code snippet, fill in the blank to convert the list of lists into a dictionary using the built-in method.", "question_type": "FIB_CODING", "short_text": "", "content_type": "MARKDOWN", "question_id": "df65e33e-acab-4310-b379-2ea684ccf22c", "skills": ["UNDERSTANDING", "Python", "Python - Converting Sequences to Dictionaries"], "difficulty": "EASY", "tag_names": ["Python", "Python - Converting Sequences to Dictionaries", "UNDERSTANDING", "converting_sequences_to_dictionaries"], "test_case_evaluation_metrics": [{"language": "PYTHON39", "time_limit_to_execute_in_seconds": 20.0}], "cpp_python_time_factor": 0, "order_no": 100, "question_asked_by_companies_info": [], "remarks": "", "scores_updated": false, "scores_computed": 0, "input_output": [{"input": [{"t_id": "038042db-3fbd-463f-b3be-c81da5902eb7", "input": "", "output": "{'name': 'Teja', 'age': 15, 'roll_no': 10}", "is_hidden": true, "score": 1}], "average_time_spent": 0.0, "order_no": 100}], "solution": {"code_blocks": [{"code": "sequence = [[\"name\", \"Teja\"], [\"age\", 15], [\"roll_no\", 10]]", "block_type": "DEFAULT", "start_line_number": 1, "order": 1}, {"code": "dictionary = <InlineBlank>dict(sequence)</InlineBlank>", "block_type": "INLINE_BLANK", "start_line_number": 2, "order": 2}, {"code": "print(dictionary)", "block_type": "DEFAULT", "start_line_number": 3, "order": 3}]}, "fib_coding": {"language": "PYTHON39", "is_debug_mode_enabled": true, "is_run_code_enabled": true, "code_blocks": [{"code": "sequence = [[\"name\", \"Teja\"], [\"age\", 15], [\"roll_no\", 10]]", "block_type": "DEFAULT", "start_line_number": 1, "order": 1}, {"code": "dictionary = <InlineBlank>&&&</InlineBlank>", "block_type": "INLINE_BLANK", "start_line_number": 2, "order": 2}, {"code": "print(dictionary)", "block_type": "DEFAULT", "start_line_number": 3, "order": 3}]}}, {"question_key": "D4L04_v9", "question_text": "Complete the code to print values from the dictionary as view object .", "question_type": "FIB_CODING", "short_text": "", "content_type": "MARKDOWN", "question_id": "3c6a9a9f-392d-403d-85a0-5a66b1626df4", "skills": ["APPLYING", "Python", "Python - Dictionary Views"], "difficulty": "EASY", "tag_names": ["Python", "Python - Dictionary Views", "APPLYING", "converting_dictionary_views_to_lists"], "test_case_evaluation_metrics": [{"language": "PYTHON39", "time_limit_to_execute_in_seconds": 20.0}], "cpp_python_time_factor": 0, "order_no": 100, "question_asked_by_companies_info": [], "remarks": "", "scores_updated": false, "scores_computed": 0, "input_output": [{"input": [{"t_id": "af9cb8fa-802b-4136-ab0c-de29335d42ea", "input": "", "output": "dict_values([88, 75, 92])", "is_hidden": true, "score": 1}], "average_time_spent": 0.0, "order_no": 100}], "solution": {"code_blocks": [{"code": "scores = {'Alice': 88, 'Bob': 75, 'Charlie': 92}", "block_type": "DEFAULT", "start_line_number": 1, "order": 1}, {"code": "values = <InlineBlank>(scores.values())</InlineBlank>", "block_type": "INLINE_BLANK", "start_line_number": 2, "order": 2}, {"code": "print(values)", "block_type": "DEFAULT", "start_line_number": 3, "order": 3}]}, "fib_coding": {"language": "PYTHON39", "is_debug_mode_enabled": true, "is_run_code_enabled": true, "code_blocks": [{"code": "scores = {'Alice': 88, 'Bob': 75, 'Charlie': 92}", "block_type": "DEFAULT", "start_line_number": 1, "order": 1}, {"code": "values = <InlineBlank>&&&</InlineBlank>", "block_type": "INLINE_BLANK", "start_line_number": 2, "order": 2}, {"code": "print(values)", "block_type": "DEFAULT", "start_line_number": 3, "order": 3}]}}, {"question_key": "C5T05_v7", "question_text": "Fill in the blank in the given code snippet to print the following output `{'name': 'Teja', 'age': 15}`.", "question_type": "FIB_CODING", "short_text": "", "content_type": "MARKDOWN", "question_id": "6fd5e307-2742-4940-9743-fc34b5692425", "skills": ["REMEMBERING", "Python", "Python - Converting Sequences to Dictionaries"], "difficulty": "EASY", "tag_names": ["Python", "Python - Converting Sequences to Dictionaries", "REMEMBERING", "ensuring_keys_are_immutable_and_unique"], "test_case_evaluation_metrics": [{"language": "PYTHON39", "time_limit_to_execute_in_seconds": 20.0}], "cpp_python_time_factor": 0, "order_no": 100, "question_asked_by_companies_info": [], "remarks": "", "scores_updated": false, "scores_computed": 0, "input_output": [{"input": [{"t_id": "2e11220f-df58-42e5-9f33-97933caa6c00", "input": "", "output": "{'name': 'Teja', 'age': 15}", "is_hidden": true, "score": 1}], "average_time_spent": 0.0, "order_no": 100}], "solution": {"code_blocks": [{"code": "dict_a = {<InlineBlank>'name'</InlineBlank>: 'Teja', <InlineBlank>'age'</InlineBlank>: 15}", "block_type": "INLINE_BLANK", "start_line_number": 1, "order": 1}, {"code": "print(<InlineBlank>dict_a</InlineBlank>)", "block_type": "INLINE_BLANK", "start_line_number": 2, "order": 2}]}, "fib_coding": {"language": "PYTHON39", "is_debug_mode_enabled": true, "is_run_code_enabled": true, "code_blocks": [{"code": "dict_a = {<InlineBlank>&&&</InlineBlank>: 'Teja', <InlineBlank>&&&</InlineBlank>: 15}", "block_type": "INLINE_BLANK", "start_line_number": 1, "order": 1}, {"code": "print(<InlineBlank>&&&</InlineBlank>)", "block_type": "INLINE_BLANK", "start_line_number": 2, "order": 2}]}}]