[{"question_key": "D1V01_v8", "question_text": "Fill in the blank to iterate over the keys of the dictionary `dict_a`.", "question_type": "FIB_CODING", "short_text": "", "content_type": "MARKDOWN", "question_id": "08663f20-8402-40ea-b9cf-0fe44e3e699b", "skills": ["REMEMBERING", "Python", "Python - Dictionary Views"], "difficulty": "EASY", "tag_names": ["Python", "Python - Dictionary Views", "REMEMBERING", "using_dict_keys_method"], "test_case_evaluation_metrics": [{"language": "PYTHON39", "time_limit_to_execute_in_seconds": 20.0}], "cpp_python_time_factor": 0, "order_no": 100, "question_asked_by_companies_info": [], "remarks": "", "scores_updated": false, "scores_computed": 0, "input_output": [{"input": [{"t_id": "12812101-5762-4f25-8fc2-3b70ca8ccb39", "input": "", "output": "name\nage", "is_hidden": true, "score": 1}], "average_time_spent": 0.0, "order_no": 100}], "solution": {"code_blocks": [{"code": "dict_a = {'name': 'Teja', 'age': 15}", "block_type": "DEFAULT", "start_line_number": 1, "order": 1}, {"code": "for key <InlineBlank>in</InlineBlank> dict_a<InlineBlank>.keys()</InlineBlank>:", "block_type": "INLINE_BLANK", "start_line_number": 2, "order": 2}, {"code": "    print(key)", "block_type": "DEFAULT", "start_line_number": 3, "order": 3}]}, "fib_coding": {"language": "PYTHON39", "is_debug_mode_enabled": true, "is_run_code_enabled": true, "code_blocks": [{"code": "dict_a = {'name': 'Teja', 'age': 15}", "block_type": "DEFAULT", "start_line_number": 1, "order": 1}, {"code": "for key <InlineBlank>&&&</InlineBlank> dict_a<InlineBlank>&&&</InlineBlank>:", "block_type": "INLINE_BLANK", "start_line_number": 2, "order": 2}, {"code": "    print(key)", "block_type": "DEFAULT", "start_line_number": 3, "order": 3}]}}, {"question_key": "D1V01_v9", "question_text": "Fill in the blank to check if 'name' is a key in the dictionary `dict_a`.", "question_type": "FIB_CODING", "short_text": "", "content_type": "MARKDOWN", "question_id": "9efc3f67-5da3-430b-84b3-cc59c72c4a35", "skills": ["REMEMBERING", "Python", "Python - Dictionary Views"], "difficulty": "EASY", "tag_names": ["Python", "Python - Dictionary Views", "REMEMBERING", "using_dict_keys_method"], "test_case_evaluation_metrics": [{"language": "PYTHON39", "time_limit_to_execute_in_seconds": 20.0}], "cpp_python_time_factor": 0, "order_no": 100, "question_asked_by_companies_info": [], "remarks": "", "scores_updated": false, "scores_computed": 0, "input_output": [{"input": [{"t_id": "af20197f-36df-48f1-bb18-8a2bea51e4ed", "input": "", "output": "True", "is_hidden": true, "score": 1}], "average_time_spent": 0.0, "order_no": 100}], "solution": {"code_blocks": [{"code": "dict_a = {'name': 'Teja', 'age': 15}", "block_type": "DEFAULT", "start_line_number": 1, "order": 1}, {"code": "print('name' in dict_a<InlineBlank>.keys()</InlineBlank>)", "block_type": "INLINE_BLANK", "start_line_number": 2, "order": 2}]}, "fib_coding": {"language": "PYTHON39", "is_debug_mode_enabled": true, "is_run_code_enabled": true, "code_blocks": [{"code": "dict_a = {'name': 'Teja', 'age': 15}", "block_type": "DEFAULT", "start_line_number": 1, "order": 1}, {"code": "print('name' in dict_a<InlineBlank>&&&</InlineBlank>)", "block_type": "INLINE_BLANK", "start_line_number": 2, "order": 2}]}}, {"question_key": "C2D02_v3_v8", "question_text": "Fill in the blank to correctly convert the given sequence of tuples into a dictionary using the built-in method.", "question_type": "FIB_CODING", "short_text": "", "content_type": "MARKDOWN", "question_id": "98425480-b8e5-45bf-894b-e044a5a24c10", "skills": ["UNDERSTANDING", "Python", "Python - Converting Sequences to Dictionaries"], "difficulty": "EASY", "tag_names": ["Python", "Python - Converting Sequences to Dictionaries", "UNDERSTANDING", "converting_sequences_to_dictionaries"], "test_case_evaluation_metrics": [{"language": "PYTHON39", "time_limit_to_execute_in_seconds": 20.0}], "cpp_python_time_factor": 0, "order_no": 100, "question_asked_by_companies_info": [], "remarks": "", "scores_updated": false, "scores_computed": 0, "input_output": [{"input": [{"t_id": "14240f43-0c82-4fe8-97e0-e71c1f393ad5", "input": "", "output": "{'name': 'Teja', 'age': 15, 'roll_no': 10}", "is_hidden": true, "score": 1}], "average_time_spent": 0.0, "order_no": 100}], "solution": {"code_blocks": [{"code": "sequence = [(\"name\", \"Teja\"), (\"age\", 15), (\"roll_no\", 10)]", "block_type": "DEFAULT", "start_line_number": 1, "order": 1}, {"code": "dictionary = <InlineBlank>dict(sequence)</InlineBlank>", "block_type": "INLINE_BLANK", "start_line_number": 2, "order": 2}, {"code": "print(dictionary)", "block_type": "DEFAULT", "start_line_number": 3, "order": 3}]}, "fib_coding": {"language": "PYTHON39", "is_debug_mode_enabled": true, "is_run_code_enabled": true, "code_blocks": [{"code": "sequence = [(\"name\", \"Teja\"), (\"age\", 15), (\"roll_no\", 10)]", "block_type": "DEFAULT", "start_line_number": 1, "order": 1}, {"code": "dictionary = <InlineBlank>&&&</InlineBlank>", "block_type": "INLINE_BLANK", "start_line_number": 2, "order": 2}, {"code": "print(dictionary)", "block_type": "DEFAULT", "start_line_number": 3, "order": 3}]}}, {"question_key": "C2D02_v3_v9", "question_text": "In the given code snippet, fill in the blank to convert the list of lists into a dictionary using the built-in method.", "question_type": "FIB_CODING", "short_text": "", "content_type": "MARKDOWN", "question_id": "5c242def-2c50-43b0-b316-d431bd6d9db8", "skills": ["UNDERSTANDING", "Python", "Python - Converting Sequences to Dictionaries"], "difficulty": "EASY", "tag_names": ["Python", "Python - Converting Sequences to Dictionaries", "UNDERSTANDING", "converting_sequences_to_dictionaries"], "test_case_evaluation_metrics": [{"language": "PYTHON39", "time_limit_to_execute_in_seconds": 20.0}], "cpp_python_time_factor": 0, "order_no": 100, "question_asked_by_companies_info": [], "remarks": "", "scores_updated": false, "scores_computed": 0, "input_output": [{"input": [{"t_id": "d5a5ada9-d4c0-4c99-b7e6-fddda605d39c", "input": "", "output": "{'name': 'Teja', 'age': 15, 'roll_no': 10}", "is_hidden": true, "score": 1}], "average_time_spent": 0.0, "order_no": 100}], "solution": {"code_blocks": [{"code": "sequence = [[\"name\", \"Teja\"], [\"age\", 15], [\"roll_no\", 10]]", "block_type": "DEFAULT", "start_line_number": 1, "order": 1}, {"code": "dictionary = <InlineBlank>dict(sequence)</InlineBlank>", "block_type": "INLINE_BLANK", "start_line_number": 2, "order": 2}, {"code": "print(dictionary)", "block_type": "DEFAULT", "start_line_number": 3, "order": 3}]}, "fib_coding": {"language": "PYTHON39", "is_debug_mode_enabled": true, "is_run_code_enabled": true, "code_blocks": [{"code": "sequence = [[\"name\", \"Teja\"], [\"age\", 15], [\"roll_no\", 10]]", "block_type": "DEFAULT", "start_line_number": 1, "order": 1}, {"code": "dictionary = <InlineBlank>&&&</InlineBlank>", "block_type": "INLINE_BLANK", "start_line_number": 2, "order": 2}, {"code": "print(dictionary)", "block_type": "DEFAULT", "start_line_number": 3, "order": 3}]}}, {"question_key": "D4L04_v9", "question_text": "Complete the code to print values from the dictionary as view object .", "question_type": "FIB_CODING", "short_text": "", "content_type": "MARKDOWN", "question_id": "9b171e35-1fbb-472e-9ebc-3bcb7c353d8e", "skills": ["APPLYING", "Python", "Python - Dictionary Views"], "difficulty": "EASY", "tag_names": ["Python", "Python - Dictionary Views", "APPLYING", "converting_dictionary_views_to_lists"], "test_case_evaluation_metrics": [{"language": "PYTHON39", "time_limit_to_execute_in_seconds": 20.0}], "cpp_python_time_factor": 0, "order_no": 100, "question_asked_by_companies_info": [], "remarks": "", "scores_updated": false, "scores_computed": 0, "input_output": [{"input": [{"t_id": "631e9c96-cce6-4c4d-a98d-f8e56833915f", "input": "", "output": "dict_values([88, 75, 92])", "is_hidden": true, "score": 1}], "average_time_spent": 0.0, "order_no": 100}], "solution": {"code_blocks": [{"code": "scores = {'Alice': 88, 'Bob': 75, 'Charlie': 92}", "block_type": "DEFAULT", "start_line_number": 1, "order": 1}, {"code": "values = <InlineBlank>(scores.values())</InlineBlank>", "block_type": "INLINE_BLANK", "start_line_number": 2, "order": 2}, {"code": "print(values)", "block_type": "DEFAULT", "start_line_number": 3, "order": 3}]}, "fib_coding": {"language": "PYTHON39", "is_debug_mode_enabled": true, "is_run_code_enabled": true, "code_blocks": [{"code": "scores = {'Alice': 88, 'Bob': 75, 'Charlie': 92}", "block_type": "DEFAULT", "start_line_number": 1, "order": 1}, {"code": "values = <InlineBlank>&&&</InlineBlank>", "block_type": "INLINE_BLANK", "start_line_number": 2, "order": 2}, {"code": "print(values)", "block_type": "DEFAULT", "start_line_number": 3, "order": 3}]}}, {"question_key": "C5T05_v7", "question_text": "Fill in the blank in the given code snippet to print the following output `{'name': 'Teja', 'age': 15}`.", "question_type": "FIB_CODING", "short_text": "", "content_type": "MARKDOWN", "question_id": "537b3f9d-eff5-42a1-879d-94699b3a0697", "skills": ["REMEMBERING", "Python", "Python - Converting Sequences to Dictionaries"], "difficulty": "EASY", "tag_names": ["Python", "Python - Converting Sequences to Dictionaries", "REMEMBERING", "ensuring_keys_are_immutable_and_unique"], "test_case_evaluation_metrics": [{"language": "PYTHON39", "time_limit_to_execute_in_seconds": 20.0}], "cpp_python_time_factor": 0, "order_no": 100, "question_asked_by_companies_info": [], "remarks": "", "scores_updated": false, "scores_computed": 0, "input_output": [{"input": [{"t_id": "804487de-eb46-4e3f-93cc-8fa115546d2e", "input": "", "output": "{'name': 'Teja', 'age': 15}", "is_hidden": true, "score": 1}], "average_time_spent": 0.0, "order_no": 100}], "solution": {"code_blocks": [{"code": "dict_a = {<InlineBlank>'name'</InlineBlank>: 'Teja', <InlineBlank>'age'</InlineBlank>: 15}", "block_type": "INLINE_BLANK", "start_line_number": 1, "order": 1}, {"code": "print(<InlineBlank>dict_a</InlineBlank>)", "block_type": "INLINE_BLANK", "start_line_number": 2, "order": 2}]}, "fib_coding": {"language": "PYTHON39", "is_debug_mode_enabled": true, "is_run_code_enabled": true, "code_blocks": [{"code": "dict_a = {<InlineBlank>&&&</InlineBlank>: 'Teja', <InlineBlank>&&&</InlineBlank>: 15}", "block_type": "INLINE_BLANK", "start_line_number": 1, "order": 1}, {"code": "print(<InlineBlank>&&&</InlineBlank>)", "block_type": "INLINE_BLANK", "start_line_number": 2, "order": 2}]}}]