[{"question_id": "3871016c-4c88-4fb9-aa62-07db7834fee9", "question_key": "D1V01", "skills": ["REMEMBERING\n````", "Python", "Python - Dictionary Views"], "toughness": "EASY", "question_type": "MULTIPLE_CHOICE", "question": {"content": "What does the dict.keys() method return when called on a dictionary?", "content_type": "TEXT", "tag_names": ["Python", "Python - Dictionary Views", "REMEMBERING\n````", "using_dict_keys_method"], "multimedia": []}, "options": [{"content": "A list of all the keys in the dictionary", "content_type": "MARKDOWN", "is_correct": false, "multimedia": []}, {"content": "A single key from the dictionary", "content_type": "MARKDOWN", "is_correct": false, "multimedia": []}, {"content": "A view object containing the dictionary's keys", "content_type": "MARKDOWN", "is_correct": true, "multimedia": []}, {"content": "A tuple containing all the keys and values", "content_type": "MARKDOWN", "is_correct": false, "multimedia": []}], "explanation_for_answer": null}, {"question_id": "11f73298-a49e-4cd4-b386-1e0a9b77cec5", "question_key": "D1V01_v1", "skills": ["REMEMBERING", "Python", "Python - Dictionary Views"], "toughness": "EASY", "question_type": "MULTIPLE_CHOICE", "question": {"content": "The dict.keys() method returns a list of all the keys in the dictionary when called.", "content_type": "TEXT", "tag_names": ["Python", "Python - Dictionary Views", "REMEMBERING", "using_dict_keys_method"], "multimedia": []}, "options": [{"content": "True", "content_type": "MARKDOWN", "is_correct": false, "multimedia": []}, {"content": "False", "content_type": "MARKDOWN", "is_correct": true, "multimedia": []}], "explanation_for_answer": null}, {"question_id": "a9935a36-bf5e-4216-9faf-c666b90eec46", "question_key": "D1V01_v2", "skills": ["REMEMBERING", "Python", "Python - Dictionary Views"], "toughness": "EASY", "question_type": "MULTIPLE_CHOICE", "question": {"content": "When called on a dictionary, the dict.keys() method returns a _______ containing the dictionary's keys.", "content_type": "HTML", "tag_names": ["Python", "Python - Dictionary Views", "REMEMBERING", "using_dict_keys_method"], "multimedia": []}, "options": [{"content": "view object", "content_type": "MARKDOWN", "is_correct": true, "multimedia": []}, {"content": "list", "content_type": "MARKDOWN", "is_correct": false, "multimedia": []}, {"content": "single key", "content_type": "MARKDOWN", "is_correct": false, "multimedia": []}, {"content": "tuple", "content_type": "MARKDOWN", "is_correct": false, "multimedia": []}], "explanation_for_answer": null}, {"question_id": "997df8a2-570d-46c6-a81f-5df61674a737", "question_key": "D4L04", "skills": ["APPLYING\n````", "Python", "Python - Dictionary Views"], "toughness": "EASY", "question_type": "MULTIPLE_CHOICE", "question": {"content": "How can you get the all the values from the dictionary?", "content_type": "TEXT", "tag_names": ["Python", "Python - Dictionary Views", "APPLYING\n````", "converting_dictionary_views_to_lists"], "multimedia": []}, "options": [{"content": "dict.values()", "content_type": "MARKDOWN", "is_correct": true, "multimedia": []}, {"content": "dict.values().tolist()", "content_type": "MARKDOWN", "is_correct": false, "multimedia": []}, {"content": "list(dict.values)", "content_type": "MARKDOWN", "is_correct": false, "multimedia": []}, {"content": "[value for value in dict.values()]", "content_type": "MARKDOWN", "is_correct": false, "multimedia": []}], "explanation_for_answer": null}, {"question_id": "5fb065f1-97fd-4f47-9f49-61e02456f21b", "question_key": "D4L04_v1", "skills": ["APPLYING", "Python", "Python - Dictionary Views"], "toughness": "EASY", "question_type": "MULTIPLE_CHOICE", "question": {"content": "The dictionary view returned by dict.values() can be directly converted into a list using the list() method.", "content_type": "TEXT", "tag_names": ["Python", "Python - Dictionary Views", "APPLYING", "converting_dictionary_views_to_lists"], "multimedia": []}, "options": [{"content": "True", "content_type": "MARKDOWN", "is_correct": true, "multimedia": []}, {"content": "False", "content_type": "MARKDOWN", "is_correct": false, "multimedia": []}], "explanation_for_answer": null}, {"question_id": "5a8f31eb-473e-4da0-9c6a-e126a5b9f87a", "question_key": "D4L04_v2", "skills": ["APPLYING", "Python", "Python - Dictionary Views"], "toughness": "EASY", "question_type": "MULTIPLE_CHOICE", "question": {"content": "To convert the dictionary view returned by dict.values() into a list, pass the view object to the ______ method.", "content_type": "TEXT", "tag_names": ["Python", "Python - Dictionary Views", "APPLYING", "converting_dictionary_views_to_lists"], "multimedia": []}, "options": [{"content": "list", "content_type": "MARKDOWN", "is_correct": true, "multimedia": []}, {"content": "dict", "content_type": "MARKDOWN", "is_correct": false, "multimedia": []}, {"content": "set", "content_type": "MARKDOWN", "is_correct": false, "multimedia": []}, {"content": "tuple", "content_type": "MARKDOWN", "is_correct": false, "multimedia": []}], "explanation_for_answer": null}, {"question_id": "13e8520c-bf6d-49d4-a37a-4413abebe2ac", "question_key": "C5T05", "skills": ["REMEMBERING\n````", "Python", "Python - Converting Sequences to Dictionaries"], "toughness": "EASY", "question_type": "MULTIPLE_CHOICE", "question": {"content": "Which of the following statements is true regarding the keys in a dictionary?", "content_type": "TEXT", "tag_names": ["Python", "Python - Converting Sequences to Dictionaries", "REMEMBERING\n````", "ensuring_keys_are_immutable_and_unique"], "multimedia": []}, "options": [{"content": "Dictionary keys can be mutable and duplicated", "content_type": "MARKDOWN", "is_correct": false, "multimedia": []}, {"content": "Dictionary keys must be immutable but can be duplicated", "content_type": "MARKDOWN", "is_correct": false, "multimedia": []}, {"content": "Dictionary keys must be immutable and unique", "content_type": "MARKDOWN", "is_correct": true, "multimedia": []}, {"content": "Dictionary keys can be mutable as long as they are unique", "content_type": "MARKDOWN", "is_correct": false, "multimedia": []}], "explanation_for_answer": null}, {"question_id": "7c58c533-f211-48eb-b5e3-d7e01be64cd2", "question_key": "C5T05_v1", "skills": ["REMEMBERING", "Python", "Python - Converting Sequences to Dictionaries"], "toughness": "EASY", "question_type": "MULTIPLE_CHOICE", "question": {"content": "In a Python dictionary, keys must be immutable and cannot be duplicated.", "content_type": "HTML", "tag_names": ["Python", "Python - Converting Sequences to Dictionaries", "REMEMBERING", "ensuring_keys_are_immutable_and_unique"], "multimedia": []}, "options": [{"content": "True", "content_type": "MARKDOWN", "is_correct": true, "multimedia": []}, {"content": "False", "content_type": "MARKDOWN", "is_correct": false, "multimedia": []}], "explanation_for_answer": null}, {"question_id": "3491cb48-02a5-4d87-8dc2-3560d432d435", "question_key": "C5T05_v2", "skills": ["REMEMBERING", "Python", "Python - Converting Sequences to Dictionaries"], "toughness": "EASY", "question_type": "MULTIPLE_CHOICE", "question": {"content": "In a Python dictionary, the keys must be _______ and _______.", "content_type": "HTML", "tag_names": ["Python", "Python - Converting Sequences to Dictionaries", "REMEMBERING", "ensuring_keys_are_immutable_and_unique"], "multimedia": []}, "options": [{"content": "mutable, duplicated", "content_type": "MARKDOWN", "is_correct": false, "multimedia": []}, {"content": "immutable, unique", "content_type": "MARKDOWN", "is_correct": true, "multimedia": []}, {"content": "immutable, duplicated", "content_type": "MARKDOWN", "is_correct": false, "multimedia": []}, {"content": "mutable, unique", "content_type": "MARKDOWN", "is_correct": false, "multimedia": []}], "explanation_for_answer": null}, {"question_id": "a9a5f5fb-192b-418f-9d64-9d20bead0c9c", "question_key": "C6K06", "skills": ["UNDERSTANDING\n\n````", "Python", "Python - Converting Sequences to Dictionaries"], "toughness": "EASY", "question_type": "MULTIPLE_CHOICE", "question": {"content": "Can a tuple containing both mutable and immutable items be used as a key in a dictionary?", "content_type": "TEXT", "tag_names": ["Python", "Python - Converting Sequences to Dictionaries", "UNDERSTANDING\n\n````", "using_tuples_as_keys_in_dictionaries"], "multimedia": []}, "options": [{"content": "Yes, as long as the tuple is used as a key", "content_type": "MARKDOWN", "is_correct": false, "multimedia": []}, {"content": "No, all items in the tuple must be immutable", "content_type": "MARKDOWN", "is_correct": true, "multimedia": []}, {"content": "Yes, if the mutable items are at the end of the tuple", "content_type": "MARKDOWN", "is_correct": false, "multimedia": []}, {"content": "No, unless the tuple contains only one item", "content_type": "MARKDOWN", "is_correct": false, "multimedia": []}], "explanation_for_answer": null}, {"question_id": "a12e0b39-901c-4db8-a60d-39e7a0181e5b", "question_key": "C6K06_v1", "skills": ["UNDERSTANDING", "Python", "Python - Converting Sequences to Dictionaries"], "toughness": "EASY", "question_type": "MULTIPLE_CHOICE", "question": {"content": "A tuple containing both mutable and immutable items can be used as a key in a dictionary.", "content_type": "TEXT", "tag_names": ["Python", "Python - Converting Sequences to Dictionaries", "UNDERSTANDING", "using_tuples_as_keys_in_dictionaries"], "multimedia": []}, "options": [{"content": "True", "content_type": "MARKDOWN", "is_correct": false, "multimedia": []}, {"content": "False", "content_type": "MARKDOWN", "is_correct": true, "multimedia": []}], "explanation_for_answer": null}, {"question_id": "d4647007-58a7-47a5-bbb8-66d957a79086", "question_key": "C6K06_v2", "skills": ["UNDERSTANDING", "Python", "Python - Converting Sequences to Dictionaries"], "toughness": "EASY", "question_type": "MULTIPLE_CHOICE", "question": {"content": "In a dictionary, a tuple used as a key must contain only _______ items.", "content_type": "HTML", "tag_names": ["Python", "Python - Converting Sequences to Dictionaries", "UNDERSTANDING", "using_tuples_as_keys_in_dictionaries"], "multimedia": []}, "options": [{"content": "immutable", "content_type": "MARKDOWN", "is_correct": true, "multimedia": []}, {"content": "mutable", "content_type": "MARKDOWN", "is_correct": false, "multimedia": []}, {"content": "mixed", "content_type": "MARKDOWN", "is_correct": false, "multimedia": []}, {"content": "numeric", "content_type": "MARKDOWN", "is_correct": false, "multimedia": []}], "explanation_for_answer": null}]