[
    {
        "question_id": "e28284f2-f742-482c-830f-5e962502dfa8",
        "question_key": "OOP02",
        "skills": [
            "REMEMBERING\n````",
            "Object-Oriented Programming",
            "OOP - Encapsulation"
        ],
        "toughness": "EASY",
        "question_type": "MULTIPLE_CHOICE",
        "question": {
            "content": "In Object-Oriented Programming, what is the process of bundling related properties and actions together known as?",
            "content_type": "TEXT",
            "tag_names": [
                "Object-Oriented Programming",
                "OOP - Encapsulation",
                "REMEMBERING\n````",
                "understand_encapsulation_in_oop"
            ],
            "multimedia": []
        },
        "options": [
            {
                "content": "Inheritance",
                "content_type": "MARKDOWN",
                "is_correct": false,
                "multimedia": []
            },
            {
                "content": "Polymorphism",
                "content_type": "MARKDOWN",
                "is_correct": false,
                "multimedia": []
            },
            {
                "content": "Encapsulation",
                "content_type": "MARKDOWN",
                "is_correct": true,
                "multimedia": []
            },
            {
                "content": "Abstraction",
                "content_type": "MARKDOWN",
                "is_correct": false,
                "multimedia": []
            }
        ],
        "explanation_for_answer": null
    },
    {
        "question_id": "670237fb-aa3f-4462-9fc0-34e4c3b6ca82",
        "question_key": "OOP02_v1",
        "skills": [
            "REMEMBERING",
            "Object-Oriented Programming",
            "OOP - Encapsulation"
        ],
        "toughness": "EASY",
        "question_type": "MULTIPLE_CHOICE",
        "question": {
            "content": "Encapsulation in Object-Oriented Programming refers to the process of combining related properties and actions into a single unit.",
            "content_type": "HTML",
            "tag_names": [
                "Object-Oriented Programming",
                "OOP - Encapsulation",
                "REMEMBERING",
                "understand_encapsulation_in_oop"
            ],
            "multimedia": []
        },
        "options": [
            {
                "content": "True",
                "content_type": "MARKDOWN",
                "is_correct": true,
                "multimedia": []
            },
            {
                "content": "False",
                "content_type": "MARKDOWN",
                "is_correct": false,
                "multimedia": []
            }
        ],
        "explanation_for_answer": null
    },
    {
        "question_id": "aa307acf-0df2-4884-b488-179f0a1383c2",
        "question_key": "OOP02_v2",
        "skills": [
            "REMEMBERING",
            "Object-Oriented Programming",
            "OOP - Encapsulation"
        ],
        "toughness": "EASY",
        "question_type": "MULTIPLE_CHOICE",
        "question": {
            "content": "In Object-Oriented Programming, the process of bundling related properties and actions together is known as _______.",
            "content_type": "HTML",
            "tag_names": [
                "Object-Oriented Programming",
                "OOP - Encapsulation",
                "REMEMBERING",
                "understand_encapsulation_in_oop"
            ],
            "multimedia": []
        },
        "options": [
            {
                "content": "Class",
                "content_type": "MARKDOWN",
                "is_correct": false,
                "multimedia": []
            },
            {
                "content": "Object",
                "content_type": "MARKDOWN",
                "is_correct": false,
                "multimedia": []
            },
            {
                "content": "Encapsulation",
                "content_type": "MARKDOWN",
                "is_correct": true,
                "multimedia": []
            },
            {
                "content": "Attribute",
                "content_type": "MARKDOWN",
                "is_correct": false,
                "multimedia": []
            }
        ],
        "explanation_for_answer": null
    },
    {
        "question_id": "46def37d-fd73-4799-afd3-6064f1abfebf",
        "question_key": "OOP03",
        "skills": [
            "REMEMBERING\n````",
            "Object-Oriented Programming",
            "OOP - Classes and Instances"
        ],
        "toughness": "EASY",
        "question_type": "MULTIPLE_CHOICE",
        "question": {
            "content": "Which method in a Python class is used to assign values to properties?",
            "content_type": "TEXT",
            "tag_names": [
                "Object-Oriented Programming",
                "OOP - Classes and Instances",
                "REMEMBERING\n````",
                "use_init_method_for_instantiation"
            ],
            "multimedia": []
        },
        "options": [
            {
                "content": "`__start__()`",
                "content_type": "MARKDOWN",
                "is_correct": false,
                "multimedia": []
            },
            {
                "content": "`__init__()`",
                "content_type": "MARKDOWN",
                "is_correct": true,
                "multimedia": []
            },
            {
                "content": "`__new__()`",
                "content_type": "MARKDOWN",
                "is_correct": false,
                "multimedia": []
            },
            {
                "content": "`__create__()`",
                "content_type": "MARKDOWN",
                "is_correct": false,
                "multimedia": []
            }
        ],
        "explanation_for_answer": null
    },
    {
        "question_id": "8f6c2a9f-527c-4001-9864-61a329a48c7a",
        "question_key": "OOP03_v1",
        "skills": [
            "REMEMBERING",
            "Object-Oriented Programming",
            "OOP - Classes and Instances"
        ],
        "toughness": "EASY",
        "question_type": "MULTIPLE_CHOICE",
        "question": {
            "content": "The `__init__` method in a Python class is used to assign values to the object's attributes.",
            "content_type": "MARKDOWN",
            "tag_names": [
                "Object-Oriented Programming",
                "OOP - Classes and Instances",
                "REMEMBERING",
                "use_init_method_for_instantiation"
            ],
            "multimedia": []
        },
        "options": [
            {
                "content": "True",
                "content_type": "MARKDOWN",
                "is_correct": true,
                "multimedia": []
            },
            {
                "content": "False",
                "content_type": "MARKDOWN",
                "is_correct": false,
                "multimedia": []
            }
        ],
        "explanation_for_answer": null
    },
    {
        "question_id": "272d540b-b079-41b1-973d-aaa005f0999a",
        "question_key": "OOP03_v2",
        "skills": [
            "REMEMBERING",
            "Object-Oriented Programming",
            "OOP - Classes and Instances"
        ],
        "toughness": "EASY",
        "question_type": "MULTIPLE_CHOICE",
        "question": {
            "content": "In a Python class, the ______ method is used to initialize the object's attributes.",
            "content_type": "HTML",
            "tag_names": [
                "Object-Oriented Programming",
                "OOP - Classes and Instances",
                "REMEMBERING",
                "use_init_method_for_instantiation"
            ],
            "multimedia": []
        },
        "options": [
            {
                "content": "`__start__`",
                "content_type": "MARKDOWN",
                "is_correct": false,
                "multimedia": []
            },
            {
                "content": "`__init__`",
                "content_type": "MARKDOWN",
                "is_correct": true,
                "multimedia": []
            },
            {
                "content": "`__new__`",
                "content_type": "MARKDOWN",
                "is_correct": false,
                "multimedia": []
            },
            {
                "content": "`__create__`",
                "content_type": "MARKDOWN",
                "is_correct": false,
                "multimedia": []
            }
        ],
        "explanation_for_answer": null
    },
    {
        "question_id": "b1c2c2e2-8a42-4435-896b-f47f7a42f119",
        "question_key": "OOP03_v3",
        "skills": [
            "REMEMBERING",
            "Object-Oriented Programming",
            "OOP - Classes and Instances"
        ],
        "toughness": "EASY",
        "question_type": "MULTIPLE_CHOICE",
        "question": {
            "content": "Which method in a Python class is used to initialize the object's attributes?",
            "content_type": "TEXT",
            "tag_names": [
                "Object-Oriented Programming",
                "OOP - Classes and Instances",
                "REMEMBERING",
                "use_init_method_for_instantiation"
            ],
            "multimedia": []
        },
        "options": [
            {
                "content": "`__start__()`",
                "content_type": "MARKDOWN",
                "is_correct": false,
                "multimedia": []
            },
            {
                "content": "`__init__()`",
                "content_type": "MARKDOWN",
                "is_correct": true,
                "multimedia": []
            },
            {
                "content": "`__new__()`",
                "content_type": "MARKDOWN",
                "is_correct": false,
                "multimedia": []
            },
            {
                "content": "`__create__()`",
                "content_type": "MARKDOWN",
                "is_correct": false,
                "multimedia": []
            }
        ],
        "explanation_for_answer": null
    },
    {
        "question_id": "025ef9ae-debe-4740-bffe-49b131dd3e26",
        "question_key": "OOP05",
        "skills": [
            "REMEMBERING\n````",
            "Object-Oriented Programming",
            "OOP - Attributes and Methods"
        ],
        "toughness": "EASY",
        "question_type": "MULTIPLE_CHOICE",
        "question": {
            "content": "In Object-Oriented Programming terminology, what are the properties of an object within a class referred to as?",
            "content_type": "TEXT",
            "tag_names": [
                "Object-Oriented Programming",
                "OOP - Attributes and Methods",
                "REMEMBERING\n````",
                "differentiate_attributes_and_methods"
            ],
            "multimedia": []
        },
        "options": [
            {
                "content": "Functions",
                "content_type": "MARKDOWN",
                "is_correct": false,
                "multimedia": []
            },
            {
                "content": "Variables",
                "content_type": "MARKDOWN",
                "is_correct": false,
                "multimedia": []
            },
            {
                "content": "Attributes",
                "content_type": "MARKDOWN",
                "is_correct": true,
                "multimedia": []
            },
            {
                "content": "Parameters",
                "content_type": "MARKDOWN",
                "is_correct": false,
                "multimedia": []
            }
        ],
        "explanation_for_answer": null
    },
    {
        "question_id": "0cd607f4-4762-4419-b4b1-1090afd7f970",
        "question_key": "OOP05_v1",
        "skills": [
            "REMEMBERING",
            "Object-Oriented Programming",
            "OOP - Attributes and Methods"
        ],
        "toughness": "EASY",
        "question_type": "MULTIPLE_CHOICE",
        "question": {
            "content": "Properties of an object within a class in Object-Oriented Programming are called attributes.",
            "content_type": "TEXT",
            "tag_names": [
                "Object-Oriented Programming",
                "OOP - Attributes and Methods",
                "REMEMBERING",
                "differentiate_attributes_and_methods"
            ],
            "multimedia": []
        },
        "options": [
            {
                "content": "True",
                "content_type": "MARKDOWN",
                "is_correct": true,
                "multimedia": []
            },
            {
                "content": "False",
                "content_type": "MARKDOWN",
                "is_correct": false,
                "multimedia": []
            }
        ],
        "explanation_for_answer": null
    },
    {
        "question_id": "bce8a568-f5b0-4455-ae4d-46ab6a8977a7",
        "question_key": "OOP06",
        "skills": [
            "REMEMBERING\n````",
            "Object-Oriented Programming",
            "OOP - Class Actions"
        ],
        "toughness": "EASY",
        "question_type": "MULTIPLE_CHOICE",
        "question": {
            "content": "In a Python class, what term is used to describe the functions that define the actions of an object?",
            "content_type": "TEXT",
            "tag_names": [
                "Object-Oriented Programming",
                "OOP - Class Actions",
                "REMEMBERING\n````",
                "create_methods_for_class_actions"
            ],
            "multimedia": []
        },
        "options": [
            {
                "content": "Procedures",
                "content_type": "MARKDOWN",
                "is_correct": false,
                "multimedia": []
            },
            {
                "content": "Commands",
                "content_type": "MARKDOWN",
                "is_correct": false,
                "multimedia": []
            },
            {
                "content": "Methods",
                "content_type": "MARKDOWN",
                "is_correct": true,
                "multimedia": []
            },
            {
                "content": "Scripts",
                "content_type": "MARKDOWN",
                "is_correct": false,
                "multimedia": []
            }
        ],
        "explanation_for_answer": null
    },
    {
        "question_id": "943c34c8-3b7d-43ec-bfec-217bfd29a4e1",
        "question_key": "OOP06_v1",
        "skills": [
            "REMEMBERING",
            "Object-Oriented Programming",
            "OOP - Class Actions"
        ],
        "toughness": "EASY",
        "question_type": "MULTIPLE_CHOICE",
        "question": {
            "content": "Functions that define the actions of an object in a Python class are called methods.",
            "content_type": "HTML",
            "tag_names": [
                "Object-Oriented Programming",
                "OOP - Class Actions",
                "REMEMBERING",
                "create_methods_for_class_actions"
            ],
            "multimedia": []
        },
        "options": [
            {
                "content": "True",
                "content_type": "MARKDOWN",
                "is_correct": true,
                "multimedia": []
            },
            {
                "content": "False",
                "content_type": "MARKDOWN",
                "is_correct": false,
                "multimedia": []
            }
        ],
        "explanation_for_answer": null
    },
    {
        "question_id": "16402ddb-9826-4727-be37-45cf1177ef44",
        "question_key": "OOP06_v2",
        "skills": [
            "REMEMBERING",
            "Object-Oriented Programming",
            "OOP - Class Actions"
        ],
        "toughness": "EASY",
        "question_type": "MULTIPLE_CHOICE",
        "question": {
            "content": "In a Python class, the functions that define the actions of an object are referred to as _______.",
            "content_type": "HTML",
            "tag_names": [
                "Object-Oriented Programming",
                "OOP - Class Actions",
                "REMEMBERING",
                "create_methods_for_class_actions"
            ],
            "multimedia": []
        },
        "options": [
            {
                "content": "procedures",
                "content_type": "MARKDOWN",
                "is_correct": false,
                "multimedia": []
            },
            {
                "content": "commands",
                "content_type": "MARKDOWN",
                "is_correct": false,
                "multimedia": []
            },
            {
                "content": "methods",
                "content_type": "MARKDOWN",
                "is_correct": true,
                "multimedia": []
            },
            {
                "content": "scripts",
                "content_type": "MARKDOWN",
                "is_correct": false,
                "multimedia": []
            }
        ],
        "explanation_for_answer": null
    }
]